PassengerId,Survived,Pclass,Name,Sex,Age,SibSp,Parch,Ticket,Fare,Embarked,HasCabin,Deck
1,1,2,Miss. Kate Buss,female,30.567086470510347,1,0,PC 69315,3.818166480322745,S,0,Unknown
2,1,3,Miss. Dagmar Bryhl,female,26.122416983957628,0,1,PC 34642,19.57804105110439,S,0,Unknown
3,0,3,Mr. Patrick Murphy,male,10.933638353608853,0,0,PC 89003,57.47136446514858,S,0,Unknown
4,1,3,Miss. Mary Kelly,female,29.57115904880932,0,0,PC 10205,39.93012964718174,S,0,Unknown
5,1,1,Mr. William Sloper,male,12.517739991314013,0,0,PC 22442,18.44074067512012,S,1,D
6,0,1,Major Fortescue,male,29.343990111089028,4,2,PC 15691,174.9175420663906,S,1,B
7,1,1,Mrs. Margaret Brown,female,27.411824508686,1,1,PC 48909,102.4014522200897,Q,0,Unknown
8,0,3,Mr. Ali Hassan,male,5.833553490043325,0,0,PC 29504,8.286517939442831,S,0,Unknown
9,0,3,Mr. Patrick Murphy,male,27.00906451527083,0,1,PC 74270,10.656653516809426,C,0,Unknown
10,0,3,Mr. Johan Larsson,male,28.19512292895071,0,0,PC 68051,25.954075023525487,S,1,C
11,0,1,Col. John Weir,male,63.1442374331268,1,2,PC 48798,54.951624032507866,S,0,Unknown
12,0,3,Mr. Ali Hassan,male,30.898414473541983,1,0,PC 59330,6.399811496312208,S,0,Unknown
13,0,3,Mr. Johan Larsson,male,29.59453265135896,0,2,PC 97087,9.31233588706253,S,0,Unknown
14,0,1,Dr. Arthur Jackson,male,53.230019544187584,0,0,PC 88919,72.69618854103767,S,1,B
15,1,1,Mrs. Margaret Brown,female,25.03073552681824,0,0,PC 92032,17.604970328617444,S,0,Unknown
16,1,1,Miss. Bishop,female,30.5662864976774,0,0,PC 51716,194.1831230136872,S,0,Unknown
17,0,2,Mr. Charles Aldworth,male,42.73453326769159,2,0,PC 84624,23.213632562854134,S,0,Unknown
18,0,3,Mr. Johan Larsson,male,29.843532548220768,0,0,PC 56982,13.74283228697905,S,0,Unknown
19,1,2,Mr. George Harris,male,42.86896210050405,0,0,PC 37444,2.1693791179095165,S,0,Unknown
20,0,2,Mr. Henry Reg,male,13.882162079713453,0,0,PC 34734,19.18435432202959,S,1,G
21,0,3,Mr. Patrick Murphy,male,29.843532548220768,0,0,PC 51745,1.766281123343158,S,0,Unknown
22,0,1,Major Fortescue,male,37.72296852153137,4,0,PC 44571,6.885231315864697,S,0,Unknown
23,0,2,Mr. Charles Aldworth,male,23.176453682206944,0,0,PC 25389,15.510869998930623,S,1,F
24,0,2,Rev. Robert Bateman,male,25.735740245745777,0,2,PC 94218,10.670415106402642,S,0,Unknown
25,0,3,Mr. Olaf Dahl,male,55.73299002402466,0,0,PC 55038,12.175197414631016,C,0,Unknown
26,0,3,Mr. Mustafa Ozkan,male,26.62888424233252,1,0,PC 82795,1.2803510934605062,S,0,Unknown
27,1,1,Miss. Charlotte Cardeza,female,27.411824508686,0,0,PC 55168,47.36298661699846,C,0,Unknown
28,0,3,Mrs. Leah Rosen,female,28.674499041518693,1,0,PC 88082,2.631953564133597,S,0,Unknown
29,0,3,Mr. Ali Hassan,male,20.264776106586677,0,0,PC 77690,59.602324409366666,Q,0,Unknown
30,1,1,Lady Duff-Gordon,female,20.94429036770928,0,0,PC 84302,69.18223989738864,C,1,D
31,0,3,Mr. Patrick Murphy,male,33.412929912768114,0,0,PC 21230,15.932398357579707,C,0,Unknown
32,1,1,Lady Duff-Gordon,female,50.59781916897358,0,2,PC 93301,33.06764624292465,S,0,Unknown
33,1,1,Mrs. Eleanor Fortune,female,14.31959188223738,0,0,PC 15902,8.36067833424498,S,0,Unknown
34,1,3,Mr. Patrick Murphy,male,53.83973448472453,0,0,PC 76758,51.02339163202277,S,0,Unknown
35,0,3,Mr. Johan Larsson,male,37.11832703639762,1,0,PC 37050,4.620121926581987,S,1,E
36,0,3,Mr. Johan Larsson,male,25.04188151093316,1,0,PC 84586,7.553010867632039,C,0,Unknown
37,0,2,Rev. Robert Bateman,male,32.49971616188419,0,1,PC 79110,21.72327148193553,S,1,B
38,0,1,Dr. Arthur Jackson,male,36.8282887411002,0,0,PC 86693,2.1006209495507635,S,0,Unknown
39,0,3,Mr. Johan Larsson,male,16.12321812104313,0,0,PC 29575,22.77071496069274,S,0,Unknown
40,0,2,Rev. Robert Bateman,male,26.028494329084467,0,0,PC 68940,15.920734381741292,S,1,B
41,1,1,Lady Duff-Gordon,female,27.411824508686,1,0,PC 50244,27.38660387041852,S,0,Unknown
42,1,3,Mrs. Bridget OBrien,female,11.767833139435028,0,0,PC 93481,0.8711486288273431,C,0,Unknown
43,1,1,Mr. William Sloper,male,40.385098066420106,0,1,PC 24962,14.895898358366688,S,1,A
44,0,3,Mr. Olaf Dahl,male,20.733227298589505,1,1,PC 87332,30.881409011550087,S,0,Unknown
45,0,2,Mr. Thomas Byles,male,25.598539624234085,1,2,PC 34450,23.979696456488888,S,0,Unknown
46,1,3,Mr. Olaf Dahl,male,26.937491761066457,0,1,PC 63494,3.939449292100377,S,0,Unknown
47,1,2,Miss. Nora Keane,female,34.2153529389864,0,0,PC 55037,1.4045257510272424,S,0,Unknown
48,0,3,Mr. Ali Hassan,male,33.09060720937492,0,0,PC 93040,16.072426707328265,S,0,Unknown
49,1,3,Mr. Johan Larsson,male,29.843532548220768,0,1,PC 40041,11.63931680443882,S,0,Unknown
50,0,1,Dr. Arthur Jackson,male,29.343990111089028,1,1,PC 20715,43.54448090059028,S,0,Unknown
51,0,3,Mr. Olaf Dahl,male,29.843532548220768,1,1,PC 31803,6.191659833342674,C,0,Unknown
52,1,3,Mrs. Anna Sage,female,30.08539082527925,1,0,PC 78906,3.348080194061128,S,0,Unknown
53,1,3,Mrs. Bridget OBrien,female,35.73122804296243,0,0,PC 71726,15.17254871054662,Q,0,Unknown
54,0,3,Mr. Mustafa Ozkan,male,21.122757626247544,1,1,PC 11908,48.34835704148011,C,0,Unknown
55,0,3,Mr. Patrick Murphy,male,29.843532548220768,0,0,PC 47075,2.6473774966122283,C,0,Unknown
56,0,3,Mr. Patrick Murphy,male,36.08901140549106,0,2,PC 74587,12.454781498887288,S,1,E
57,1,1,Miss. Charlotte Cardeza,female,26.91405183026176,0,0,PC 63648,46.365391568464936,Q,0,Unknown
58,1,1,Mrs. Margaret Brown,female,14.778675018925078,0,0,PC 31134,49.71410183617312,C,0,Unknown
59,0,1,Col. John Weir,male,50.204202829603176,1,0,PC 66143,24.63107847600402,C,0,Unknown
60,0,2,Rev. Robert Bateman,male,46.162989023635504,0,1,PC 79123,36.095424629790514,S,0,Unknown
61,1,2,Mrs. Ada Clarke,female,29.930379863891222,0,0,PC 55153,13.74655577933684,C,0,Unknown
62,0,2,Mr. George Harris,male,25.598539624234085,0,0,PC 12413,16.22797949075775,Q,0,Unknown
63,1,3,Mrs. Leah Rosen,female,36.80591904596119,0,6,PC 32555,4.979942906301428,S,0,Unknown
64,0,2,Mr. Charles Aldworth,male,25.395959044514484,0,0,PC 20952,4.1536375788999305,S,0,Unknown
65,0,2,Rev. Robert Bateman,male,25.598539624234085,0,1,PC 78993,1.8594120439979,Q,0,Unknown
66,0,3,Mr. Johan Larsson,male,29.843532548220768,1,0,PC 84000,17.154867803125377,S,0,Unknown
67,1,1,Col. John Weir,male,29.343990111089028,0,1,PC 76686,18.349585581695,S,0,Unknown
68,0,3,Mr. Patrick Murphy,male,18.14112456220157,0,0,PC 42264,16.048537420390208,S,0,Unknown
69,1,1,Mrs. Margaret Brown,female,18.89630763079245,0,2,PC 57553,41.5727455064648,Q,0,Unknown
70,0,3,Mr. Patrick Murphy,male,32.627701148317584,1,2,PC 64359,7.363321953643751,S,0,Unknown
71,1,3,Mr. Ali Hassan,male,13.94177246785812,0,0,PC 19808,8.676587862641899,S,0,Unknown
72,1,1,Dr. Arthur Jackson,male,11.936325390187136,0,0,PC 62330,38.50600066722861,S,0,Unknown
73,1,1,Dr. Arthur Jackson,male,29.323202396082262,0,0,PC 48345,8.90816779557747,C,1,A
74,0,3,Mr. Ali Hassan,male,36.32961423858031,0,0,PC 79617,5.076263945743805,S,0,Unknown
75,0,3,Mr. Olaf Dahl,male,33.60590679424291,0,1,PC 49222,14.930997583344023,C,1,G
76,0,3,Miss. Mary Kelly,female,27.826502137492653,1,0,PC 67755,15.014775158474752,Q,1,A
77,0,3,Mr. Patrick Murphy,male,19.76789664468341,0,0,PC 18933,4.619455348634441,S,1,D
78,1,1,Dr. Arthur Jackson,male,20.94534639946029,0,0,PC 78207,51.77560135997379,S,0,Unknown
79,0,2,Mr. Charles Aldworth,male,12.510527630748,1,1,PC 53739,4.450209169519718,S,0,Unknown
80,1,1,Mrs. Margaret Brown,female,28.42435363304804,0,2,PC 57738,19.84024843496909,S,1,G
81,0,3,Miss. Dagmar Bryhl,female,30.86502753065428,0,0,PC 94544,0.3194405030069349,S,1,D
82,1,3,Miss. Mary Kelly,female,25.61597423897435,0,0,PC 31883,31.106790268841632,C,0,Unknown
83,1,2,Mr. Charles Aldworth,male,12.404948857836477,0,0,PC 53401,4.897977004400392,C,1,C
84,1,1,Capt. Edward Smith,male,62.377878311569646,0,0,PC 25380,21.686038484146696,S,0,Unknown
85,0,2,Mr. Henry Reg,male,18.807308888602787,0,0,PC 28212,6.788578545301608,S,0,Unknown
86,0,2,Mr. Charles Aldworth,male,42.3410602342249,1,0,PC 38174,2.8211464579929024,S,0,Unknown
87,0,3,Mr. Mustafa Ozkan,male,29.843532548220768,3,0,PC 16861,13.968599380270147,S,0,Unknown
88,0,3,Mr. Patrick Murphy,male,23.06714590761287,0,0,PC 16094,1.0701905342242564,S,1,D
89,0,3,Mr. Olaf Dahl,male,33.64325693229949,0,0,PC 61319,1.974226805514512,C,0,Unknown
90,0,3,Mr. Johan Larsson,male,29.843532548220768,0,0,PC 56728,14.178848523775718,Q,1,B
91,1,1,Miss. Charlotte Cardeza,female,23.516294773425464,1,0,PC 34363,34.86011463742803,S,0,Unknown
92,0,3,Mr. Ali Hassan,male,34.15640132798435,0,0,PC 97846,16.86227259281224,C,1,B
93,0,3,Mr. Ali Hassan,male,28.14465957331526,0,0,PC 49300,11.16748321819399,S,0,Unknown
94,1,3,Mrs. Leah Rosen,female,38.2419460427852,1,0,PC 64808,4.051675030689079,C,0,Unknown
95,0,3,Mr. Mustafa Ozkan,male,22.243837897945543,1,0,PC 15943,14.415009846069502,S,0,Unknown
96,1,3,Mrs. Bridget OBrien,female,27.826502137492653,1,0,PC 90105,1.6934276459665654,S,0,Unknown
97,0,3,Mr. Johan Larsson,male,17.382835618158822,0,2,PC 52616,10.53195123231349,Q,0,Unknown
98,0,2,Mr. Thomas Byles,male,33.84327718129197,1,0,PC 84329,11.897092114091274,S,1,D
99,1,1,Mrs. Margaret Brown,female,21.21175390314537,1,0,PC 35287,26.191374624480947,C,0,Unknown
100,1,1,Mrs. Eleanor Fortune,female,27.411824508686,0,0,PC 43971,77.81370982237353,S,1,A
101,1,1,Mrs. Eleanor Fortune,female,27.411824508686,0,0,PC 66152,172.2447057403648,S,0,Unknown
102,0,3,Mr. Johan Larsson,male,19.548459187708733,0,0,PC 52351,93.38915667126028,S,0,Unknown
103,0,2,Mr. Henry Reg,male,16.721534009333507,3,0,PC 70040,19.372890717591133,S,0,Unknown
104,0,3,Mr. Johan Larsson,male,46.92855217677428,0,0,PC 98559,7.106185434039751,S,1,A
105,0,3,Mr. Johan Larsson,male,40.039070140965855,0,0,PC 70616,3.4956853065288565,S,1,G
106,1,2,Mrs. Ethel Beane,female,16.36468890427258,0,0,PC 33897,6.151803375528492,S,0,Unknown
107,0,2,Mr. Thomas Byles,male,15.16324263520455,1,0,PC 33010,13.51459317529117,S,1,G
108,1,3,Miss. Dagmar Bryhl,female,22.447959222884144,0,0,PC 50154,6.2708141379236135,S,0,Unknown
109,0,1,Capt. Edward Smith,male,15.710696069167476,0,0,PC 30114,205.90530168042076,S,0,Unknown
110,0,1,Col. John Weir,male,29.343990111089028,0,0,PC 29050,38.58401452639483,Q,0,Unknown
111,0,2,Mr. George Harris,male,11.098891675732258,1,1,PC 31125,9.677623979655866,S,0,Unknown
112,1,1,Lady Duff-Gordon,female,27.411824508686,0,0,PC 60396,40.63524689145286,S,0,Unknown
113,1,3,Miss. Mary Kelly,female,33.26486172350679,0,0,PC 54846,24.819985732132576,S,0,Unknown
114,1,3,Mrs. Bridget OBrien,female,36.03358402132102,1,2,PC 30396,14.413455038649056,S,1,D
115,1,3,Mrs. Bridget OBrien,female,29.38726504875728,0,0,PC 98116,13.047269545531574,S,0,Unknown
116,0,3,Mrs. Bridget OBrien,female,27.826502137492653,1,0,PC 48973,5.57152120363796,S,0,Unknown
117,0,3,Miss. Mary Kelly,female,39.58638745532648,0,0,PC 33574,23.334144544665925,S,0,Unknown
118,1,1,Capt. Edward Smith,male,29.343990111089028,0,1,PC 23869,3.2860072662929327,S,0,Unknown
119,0,3,Mr. Johan Larsson,male,17.345150777212574,0,2,PC 76194,28.035293686649407,C,1,G
120,0,3,Mr. Olaf Dahl,male,29.843532548220768,0,0,PC 72167,9.8499949686521,S,0,Unknown
121,1,3,Miss. Mary Kelly,female,27.826502137492653,1,0,PC 66147,6.958416218889567,S,0,Unknown
122,0,3,Mrs. Leah Rosen,female,44.592593916232445,0,0,PC 22122,9.4187189042042,S,0,Unknown
123,0,2,Rev. Robert Bateman,male,25.598539624234085,1,0,PC 53827,22.787831138200595,C,0,Unknown
124,1,1,Mrs. Eleanor Fortune,female,21.611842690982822,0,0,PC 23335,1.0791987934242824,S,0,Unknown
125,1,1,Miss. Charlotte Cardeza,female,35.59896670255908,0,0,PC 73576,172.38732069721925,S,0,Unknown
126,0,2,Mr. Henry Reg,male,25.598539624234085,0,0,PC 31677,12.252875801427392,S,0,Unknown
127,0,3,Mr. Olaf Dahl,male,41.9949837178977,4,1,PC 38223,5.754278143363597,S,0,Unknown
128,0,3,Mrs. Leah Rosen,female,7.035322111074461,0,0,PC 39814,2.0383535112706386,S,1,F
129,0,1,Col. John Weir,male,27.04066654929929,0,0,PC 93611,48.624598010744414,C,1,G
130,1,3,Mrs. Leah Rosen,female,27.826502137492653,0,0,PC 53185,9.395729003360476,S,1,G
131,1,2,Rev. Robert Bateman,male,51.20453081242789,0,1,PC 86794,10.70028525667309,S,0,Unknown
132,1,1,Mrs. Margaret Brown,female,27.411824508686,0,0,PC 85675,95.3614887416815,S,0,Unknown
133,1,1,Mrs. Margaret Brown,female,34.31817322024105,1,0,PC 52325,45.88702528780677,S,1,G
134,1,2,Mrs. Esther Hart,female,30.57965454895384,0,0,PC 50503,67.37764076073312,S,1,F
135,1,3,Mr. Olaf Dahl,male,48.82387481768348,1,0,PC 29514,12.5284603325511,S,1,B
136,1,2,Mrs. Ethel Beane,female,58.81833184134433,0,2,PC 66196,34.10417139493449,S,0,Unknown
137,0,3,Mrs. Leah Rosen,female,28.520831253453352,0,0,PC 30917,1.5866021187626511,S,0,Unknown
138,0,3,Mr. Mustafa Ozkan,male,31.27810276958525,1,0,PC 64699,6.936601424359072,S,1,B
139,1,2,Miss. Kate Buss,female,29.930379863891222,0,0,PC 60119,8.502537501449634,S,0,Unknown
140,0,3,Mr. Olaf Dahl,male,15.872783381239646,3,0,PC 93324,11.545908526080872,S,0,Unknown
141,0,3,Mr. Ali Hassan,male,16.823776291942668,0,1,PC 35061,27.04514767742126,S,0,Unknown
142,0,2,Mr. Thomas Byles,male,20.398169655061604,2,0,PC 19947,1.6886429326641983,S,1,G
143,0,3,Mr. Ali Hassan,male,39.24710035104602,0,0,PC 91080,1.0322009158617589,S,1,C
144,0,2,Mr. George Harris,male,28.913786632193425,0,0,PC 95550,39.31427391025172,S,0,Unknown
145,1,2,Miss. Nora Keane,female,29.930379863891222,0,0,PC 90331,4.954266809080428,S,1,A
146,0,1,Capt. Edward Smith,male,47.52372300802013,0,2,PC 42632,92.81090502466633,Q,1,G
147,1,3,Mrs. Bridget OBrien,female,27.826502137492653,0,0,PC 29352,10.724431991349078,S,1,D
148,0,3,Mr. Mustafa Ozkan,male,20.024633781141,0,1,PC 33653,24.51100582946208,S,0,Unknown
149,0,1,Col. John Weir,male,26.081196805729554,0,1,PC 77115,11.225172758427483,C,0,Unknown
150,0,2,Mr. Charles Aldworth,male,58.69342948348561,0,0,PC 53755,2.8775615187904946,C,0,Unknown
151,1,3,Miss. Dagmar Bryhl,female,20.313908857914,1,0,PC 81988,11.14872532308222,S,1,A
152,0,1,Major Fortescue,male,35.614675449808146,0,0,PC 47921,228.22851785115293,C,0,Unknown
153,1,1,Mr. William Sloper,male,29.343990111089028,0,0,PC 69003,45.03572639267163,S,1,E
154,1,3,Miss. Dagmar Bryhl,female,15.273918769153909,0,0,PC 90876,5.424157713959533,S,1,C
155,0,3,Mr. Olaf Dahl,male,29.843532548220768,0,0,PC 56668,12.784229708841574,S,1,E
156,0,2,Mr. Charles Aldworth,male,24.356453772890248,0,0,PC 65175,55.17976725244085,S,0,Unknown
157,0,3,Mr. Johan Larsson,male,21.698359142981943,0,0,PC 57738,24.84580533035662,S,0,Unknown
158,0,3,Mrs. Bridget OBrien,female,27.826502137492653,2,0,PC 63452,73.98058141648772,S,0,Unknown
159,0,1,Col. John Weir,male,29.016226353512693,1,0,PC 78323,1.9174807199467536,Q,0,Unknown
160,0,3,Miss. Dagmar Bryhl,female,52.5571399975578,0,0,PC 56149,1.6405802391048816,C,0,Unknown
161,0,2,Mr. Henry Reg,male,20.77862086500661,0,0,PC 25839,19.46306655086785,C,0,Unknown
162,1,3,Mrs. Anna Sage,female,15.95178556580445,0,1,PC 12155,23.53668230443421,C,0,Unknown
163,1,3,Miss. Mary Kelly,female,27.826502137492653,0,0,PC 17019,4.600659090943733,Q,0,Unknown
164,1,3,Mrs. Anna Sage,female,27.826502137492653,1,1,PC 64512,3.745570985874435,S,1,A
165,0,1,Capt. Edward Smith,male,26.372963220532704,0,0,PC 71690,129.89335815104087,S,0,Unknown
166,0,3,Miss. Dagmar Bryhl,female,29.150552443708392,0,0,PC 96150,0.7950617019436027,S,0,Unknown
167,0,2,Mr. Henry Reg,male,25.598539624234085,0,0,PC 36190,9.543859509196505,C,0,Unknown
168,0,1,Capt. Edward Smith,male,26.933062502117384,0,0,PC 20928,59.20602636998051,S,0,Unknown
169,0,1,Capt. Edward Smith,male,29.343990111089028,1,0,PC 58425,69.02895786553304,C,0,Unknown
170,0,3,Miss. Mary Kelly,female,52.26154883366375,0,0,PC 84134,17.86777810373876,S,0,Unknown
171,1,3,Mrs. Leah Rosen,female,47.486407336703074,1,0,PC 96117,6.004241491616432,S,0,Unknown
172,1,1,Miss. Bishop,female,46.428104440268896,5,0,PC 58974,79.67528281236955,C,0,Unknown
173,1,3,Mr. Ali Hassan,male,43.30096357307899,0,0,PC 57796,12.061230679320287,S,0,Unknown
174,1,1,Major Fortescue,male,37.38617920368504,1,2,PC 58743,66.630826482679,S,0,Unknown
175,1,3,Miss. Mary Kelly,female,27.826502137492653,0,0,PC 89455,14.015026436718829,S,0,Unknown
176,0,1,Col. John Weir,male,29.343990111089028,4,0,PC 80035,25.230324526130072,S,0,Unknown
177,0,3,Mr. Patrick Murphy,male,31.743063852792247,4,0,PC 47677,1.211729537609061,S,0,Unknown
178,0,2,Mr. Charles Aldworth,male,18.222417172988685,1,0,PC 66321,2.6290256160891383,S,0,Unknown
179,0,3,Mr. Ali Hassan,male,56.22472315610146,0,1,PC 68973,3.484643411286563,S,0,Unknown
180,0,1,Major Fortescue,male,23.97047541601936,1,0,PC 62414,58.25762291858408,S,1,D
181,0,2,Rev. Robert Bateman,male,11.787946461487897,0,2,PC 35602,37.99179655151832,C,0,Unknown
182,0,1,Capt. Edward Smith,male,29.343990111089028,1,0,PC 39692,101.49663420803586,S,0,Unknown
183,0,3,Mr. Ali Hassan,male,33.810893543000965,1,0,PC 58750,21.31842753371326,S,1,E
184,1,3,Miss. Dagmar Bryhl,female,18.22411731238424,0,2,PC 31760,5.922304548600343,C,0,Unknown
185,0,2,Mr. Henry Reg,male,26.212798892632588,0,2,PC 78456,10.735270384979438,S,0,Unknown
186,0,3,Mr. Mustafa Ozkan,male,11.92014703428794,0,0,PC 34085,6.8548017134986186,C,0,Unknown
187,0,3,Miss. Mary Kelly,female,27.826502137492653,0,1,PC 73964,2.9185970741130527,S,1,F
188,0,3,Mr. Patrick Murphy,male,28.205389352165167,0,0,PC 32925,0.8654366616434489,S,0,Unknown
189,0,3,Mrs. Anna Sage,female,26.890502903148864,1,1,PC 15615,12.245539389967917,S,1,E
190,1,1,Miss. Bishop,female,39.82518102078602,2,0,PC 47083,228.22851785115293,Q,0,Unknown
191,0,1,Major Fortescue,male,29.343990111089028,2,0,PC 78319,15.331446637536429,C,1,B
192,0,3,Mr. Patrick Murphy,male,29.843532548220768,0,0,PC 19605,0.654992970419437,S,1,C
193,0,3,Mrs. Bridget OBrien,female,36.0253269550642,1,0,PC 54608,20.714417483387056,S,0,Unknown
194,1,3,Mrs. Anna Sage,female,19.886070372402557,1,0,PC 29192,3.988563740425292,C,0,Unknown
195,0,2,Mr. Henry Reg,male,18.16454845117973,0,0,PC 13331,36.63618006598123,S,0,Unknown
196,0,2,Mr. Charles Aldworth,male,56.42353572766913,0,0,PC 61330,25.19566501584859,C,0,Unknown
197,1,3,Mr. Olaf Dahl,male,24.279308898106382,0,0,PC 59949,39.90459038368471,S,0,Unknown
198,1,3,Mrs. Bridget OBrien,female,33.626394517314424,1,0,PC 78382,7.203681235925011,S,0,Unknown
199,0,3,Mr. Patrick Murphy,male,34.28458021242548,0,0,PC 47586,14.859296124671598,S,0,Unknown
200,1,3,Miss. Mary Kelly,female,13.488311694264636,1,0,PC 62243,8.565474697254809,S,0,Unknown
201,0,3,Miss. Mary Kelly,female,30.766528527053964,0,0,PC 68618,13.643071215264516,S,0,Unknown
202,0,1,Mr. William Sloper,male,30.048449898135488,1,1,PC 88311,50.15707239762973,Q,0,Unknown
203,0,1,Col. John Weir,male,29.343990111089028,0,0,PC 17549,17.558845139659216,S,1,G
204,0,3,Mr. Olaf Dahl,male,29.843532548220768,0,0,PC 62494,9.71423269826886,S,0,Unknown
205,0,3,Mr. Johan Larsson,male,39.155816618302026,0,0,PC 97973,10.302602416241486,S,0,Unknown
206,0,1,Capt. Edward Smith,male,39.87132857077755,0,0,PC 33958,139.7688109944038,S,0,Unknown
207,0,1,Major Fortescue,male,24.64844158534733,1,0,PC 99779,111.71935433580626,C,0,Unknown
208,1,3,Mrs. Bridget OBrien,female,27.826502137492653,0,0,PC 47538,14.9333307783071,C,0,Unknown
209,1,1,Mr. William Sloper,male,19.354381367233792,0,1,PC 15833,10.10913135075236,S,0,Unknown
210,0,1,Dr. Arthur Jackson,male,11.84766735006613,0,0,PC 33386,107.11420773834034,Q,1,B
211,1,3,Mrs. Leah Rosen,female,27.826502137492653,0,0,PC 81778,9.504480210322551,C,0,Unknown
212,0,3,Mrs. Anna Sage,female,22.23845932496337,0,0,PC 34832,30.76000234875937,C,0,Unknown
213,1,3,Mrs. Leah Rosen,female,10.729564973263995,0,1,PC 87857,34.580397706989665,S,0,Unknown
214,1,1,Mrs. Margaret Brown,female,19.970983778427783,1,0,PC 48930,4.765829842988682,C,0,Unknown
215,1,3,Mr. Mustafa Ozkan,male,29.843532548220768,0,0,PC 42407,23.541655563915683,S,0,Unknown
216,0,1,Dr. Arthur Jackson,male,29.343990111089028,1,0,PC 14073,3.2278104441065225,S,1,D
217,1,2,Miss. Kate Buss,female,23.402244258743472,8,0,PC 27667,9.471344281297789,C,1,C
218,0,3,Mrs. Bridget OBrien,female,27.826502137492653,0,0,PC 26035,10.707115509402382,S,0,Unknown
219,0,3,Mr. Olaf Dahl,male,22.09086493905092,0,0,PC 16732,2.1959328233744686,S,0,Unknown
220,0,3,Mrs. Anna Sage,female,27.826502137492653,0,1,PC 65097,18.79170443948812,C,1,E
221,1,3,Mr. Mustafa Ozkan,male,16.577964136673536,3,0,PC 13487,0.1149402644993036,C,0,Unknown
222,0,3,Mr. Ali Hassan,male,29.843532548220768,1,0,PC 67702,2.5296105745279744,S,1,C
223,0,1,Mr. William Sloper,male,32.49849164327052,0,0,PC 95107,73.02956502504308,C,0,Unknown
224,0,2,Mr. Henry Reg,male,29.31098243066132,1,0,PC 39075,25.939573632930813,S,0,Unknown
225,0,2,Mr. George Harris,male,25.598539624234085,0,0,PC 81031,51.43171518718512,S,0,Unknown
226,0,2,Mr. George Harris,male,43.91561376607781,4,0,PC 94217,25.30502358135996,C,0,Unknown
227,0,3,Miss. Dagmar Bryhl,female,22.374886662822533,3,0,PC 24781,15.262744483365834,S,0,Unknown
228,0,2,Mr. Henry Reg,male,15.622006519241134,0,1,PC 49865,10.379774863456287,S,0,Unknown
229,0,3,Mr. Johan Larsson,male,13.785548855192244,0,0,PC 18469,0.0176079401833815,S,0,Unknown
230,0,3,Miss. Dagmar Bryhl,female,44.19452229524046,0,0,PC 55167,1.7537967830177257,S,0,Unknown
231,1,3,Miss. Dagmar Bryhl,female,8.41193327314836,0,1,PC 91738,10.47721698251142,S,1,E
232,0,3,Mrs. Anna Sage,female,33.77006792112903,1,0,PC 29928,15.403318606408694,C,0,Unknown
233,1,3,Mrs. Bridget OBrien,female,27.826502137492653,0,0,PC 86521,7.402621208278658,C,0,Unknown
234,0,3,Mrs. Leah Rosen,female,27.826502137492653,0,0,PC 49599,17.97236342735267,S,0,Unknown
235,0,1,Dr. Arthur Jackson,male,54.09664751726642,0,0,PC 26775,61.97994624360803,C,0,Unknown
236,1,3,Mr. Johan Larsson,male,17.048914449476698,4,1,PC 76504,1.0558773369090113,S,0,Unknown
237,0,2,Mr. George Harris,male,35.51923115903932,0,0,PC 85918,4.413515998221128,S,0,Unknown
238,1,1,Mr. William Sloper,male,29.47832615100697,0,0,PC 80687,153.93591016310725,C,1,A
239,1,3,Mr. Patrick Murphy,male,57.24690183324469,0,0,PC 36804,17.68213716893744,S,1,A
240,1,1,Miss. Charlotte Cardeza,female,24.51323021588856,4,0,PC 42259,189.128579115904,S,0,Unknown
241,1,3,Mr. Ali Hassan,male,33.87727771673582,1,0,PC 96284,1.7133406841158163,S,0,Unknown
242,0,3,Mr. Johan Larsson,male,29.39315746722238,0,0,PC 95227,63.39914738518664,S,0,Unknown
243,0,3,Mr. Patrick Murphy,male,12.503340612411105,0,1,PC 53560,3.2191111991597614,C,1,D
244,1,2,Mrs. Esther Hart,female,29.930379863891222,0,2,PC 37256,0.2452910415218364,S,0,Unknown
245,1,1,Mr. William Sloper,male,20.99647445987748,0,0,PC 16125,228.22851785115293,S,0,Unknown
246,1,3,Mrs. Bridget OBrien,female,29.484305991480333,0,0,PC 14370,4.520954624768912,S,0,Unknown
247,0,2,Mr. Henry Reg,male,34.1735050294492,2,2,PC 14838,22.82545330633171,S,0,Unknown
248,0,3,Mr. Olaf Dahl,male,49.23920827281435,0,0,PC 67429,2.6634600629532343,S,0,Unknown
249,0,3,Mr. Ali Hassan,male,7.352844215161003,1,0,PC 13134,11.89221430906495,S,0,Unknown
250,1,3,Miss. Dagmar Bryhl,female,28.005774661563496,0,0,PC 53199,32.1096708675907,C,0,Unknown
251,0,2,Mr. Henry Reg,male,14.327536411004866,1,1,PC 87092,7.988729037252275,Q,1,D
252,0,2,Miss. Nora Keane,female,35.73382925620776,1,1,PC 43822,22.965253685874757,S,0,Unknown
253,0,3,Mr. Ali Hassan,male,67.73812376739556,0,0,PC 30113,2.8514661162065016,S,1,B
254,0,2,Mr. Henry Reg,male,23.86996678992952,0,0,PC 73594,20.291874626516112,S,0,Unknown
255,1,1,Miss. Bishop,female,18.963454972907147,0,0,PC 12669,34.4527344255354,Q,0,Unknown
256,0,3,Miss. Dagmar Bryhl,female,22.30744629656064,0,0,PC 59427,3.250365354183401,Q,1,G
257,0,3,Mrs. Leah Rosen,female,14.433422796975568,0,0,PC 91617,5.146898414035487,S,0,Unknown
258,0,3,Miss. Dagmar Bryhl,female,5.626605360587512,0,1,PC 22938,2.6994288946392726,C,0,Unknown
259,1,3,Mrs. Bridget OBrien,female,31.50101389795871,8,0,PC 15717,31.81047009929821,S,1,C
260,1,1,Miss. Bishop,female,27.411824508686,0,1,PC 87818,42.51643685938743,S,0,Unknown
261,1,3,Miss. Dagmar Bryhl,female,19.20894379411086,1,0,PC 57659,3.8552832780162194,S,0,Unknown
262,0,3,Mrs. Bridget OBrien,female,16.057616863525425,0,0,PC 74575,13.893017272044546,S,0,Unknown
263,1,1,Miss. Bishop,female,40.33066154243458,1,0,PC 89737,32.46190688362401,S,0,Unknown
264,0,3,Mr. Johan Larsson,male,47.426364047080654,0,0,PC 26289,18.689771354971644,S,1,D
265,0,3,Mrs. Leah Rosen,female,29.746282488215805,1,0,PC 34406,48.60857976741909,S,1,E
266,0,3,Mr. Ali Hassan,male,8.732497152488857,0,2,PC 22873,7.895492459944534,S,0,Unknown
267,1,3,Mrs. Anna Sage,female,25.64706241491418,0,1,PC 92048,27.037246773444284,S,1,B
268,0,3,Miss. Dagmar Bryhl,female,32.552179572564896,0,0,PC 33461,11.431215554246895,S,0,Unknown
269,0,2,Rev. Robert Bateman,male,24.31695398785016,0,0,PC 30710,3.541105847435877,S,0,Unknown
270,1,2,Mrs. Esther Hart,female,25.675005366692524,0,2,PC 95488,24.285112640411583,S,0,Unknown
271,0,3,Mr. Patrick Murphy,male,29.843532548220768,0,0,PC 23448,9.869257311465908,S,1,B
272,1,3,Mr. Johan Larsson,male,24.57635877217575,0,0,PC 25198,14.406324753153964,S,0,Unknown
273,1,3,Mrs. Bridget OBrien,female,42.04826526914827,1,0,PC 83158,30.20079017845597,S,0,Unknown
274,0,3,Mr. Patrick Murphy,male,30.556730538946148,0,2,PC 77938,7.9541489729011134,S,0,Unknown
275,0,3,Miss. Dagmar Bryhl,female,21.35349110194418,0,0,PC 60799,31.70770763478692,S,1,E
276,0,3,Mrs. Leah Rosen,female,24.350378477527656,1,0,PC 44961,19.028943872448764,S,0,Unknown
277,0,3,Mr. Patrick Murphy,male,49.32380902373597,0,2,PC 53007,9.187396021909292,C,0,Unknown
278,0,3,Mr. Patrick Murphy,male,29.843532548220768,0,0,PC 75470,12.663988060614734,S,0,Unknown
279,0,3,Mr. Patrick Murphy,male,19.98825752794912,0,0,PC 62256,5.396483375117449,S,0,Unknown
280,0,3,Mr. Patrick Murphy,male,25.6482565823803,3,0,PC 30739,56.31123751453888,S,0,Unknown
281,1,3,Miss. Mary Kelly,female,20.73351826998334,1,1,PC 94054,15.079150080930214,S,0,Unknown
282,0,2,Mr. Charles Aldworth,male,48.25809993988304,1,0,PC 68186,0.9281296803899496,S,0,Unknown
283,0,2,Mr. Thomas Byles,male,42.51417898840724,0,5,PC 36547,8.185779869048824,S,0,Unknown
284,1,1,Major Fortescue,male,25.37802977607908,1,0,PC 95823,82.01293643270428,S,0,Unknown
285,0,3,Mr. Ali Hassan,male,65.22235708462838,0,0,PC 61431,0.794356464540394,Q,1,C
286,1,1,Miss. Charlotte Cardeza,female,31.626811239528426,0,5,PC 35476,2.030619626520074,S,1,G
287,0,3,Mr. Ali Hassan,male,52.54552981977264,0,0,PC 88411,8.190970708258977,S,0,Unknown
288,0,3,Miss. Dagmar Bryhl,female,50.28314921009901,0,0,PC 20686,5.541661544997176,S,0,Unknown
289,0,2,Mr. George Harris,male,33.725651742077495,0,0,PC 27536,11.93944745721348,Q,1,C
290,1,3,Mrs. Anna Sage,female,15.633224880211037,0,0,PC 44062,4.175093360984671,C,0,Unknown
291,0,1,Major Fortescue,male,28.749151576099862,0,0,PC 58216,15.118789025469974,S,0,Unknown
292,1,1,Mr. William Sloper,male,19.659587335060134,0,0,PC 35041,98.14756795166244,C,1,C
293,1,3,Mrs. Bridget OBrien,female,35.42897589684989,1,0,PC 41653,9.901298009555097,S,0,Unknown
294,1,2,Mr. Charles Aldworth,male,32.87243854345679,0,1,PC 31673,4.623062112916068,C,0,Unknown
295,1,1,Miss. Charlotte Cardeza,female,30.92168083271144,1,0,PC 20367,32.34494576081911,C,0,Unknown
296,0,3,Mrs. Bridget OBrien,female,27.826502137492653,0,6,PC 29629,12.275438391312068,S,0,Unknown
297,1,3,Mr. Mustafa Ozkan,male,32.22173881995891,1,0,PC 98636,1.0270988540768593,S,0,Unknown
298,1,1,Dr. Arthur Jackson,male,29.343990111089028,0,0,PC 82190,13.400263820847655,S,0,Unknown
299,0,3,Mrs. Leah Rosen,female,27.826502137492653,0,0,PC 35063,1.0421137025953853,S,0,Unknown
300,0,1,Col. John Weir,male,20.59904381583309,0,0,PC 29322,140.53222531291996,S,1,A
301,0,1,Major Fortescue,male,16.861084422662987,0,0,PC 94546,117.26215449539797,C,0,Unknown
302,1,3,Mr. Olaf Dahl,male,40.53617571328125,1,1,PC 22693,19.17499506496192,S,0,Unknown
303,0,3,Mr. Ali Hassan,male,26.01713052442339,0,2,PC 19241,17.261003641662608,S,0,Unknown
304,0,3,Mr. Olaf Dahl,male,30.98083235427128,0,2,PC 39778,15.163187455271432,S,0,Unknown
305,0,3,Miss. Dagmar Bryhl,female,27.826502137492653,1,0,PC 22651,8.87976948910208,S,0,Unknown
306,1,3,Mrs. Bridget OBrien,female,44.96257873603663,0,1,PC 35966,14.083594350580498,S,0,Unknown
307,1,3,Miss. Mary Kelly,female,36.46935243637171,0,0,PC 19275,0.5358992768792922,S,0,Unknown
308,1,2,Mrs. Esther Hart,female,29.293673257272097,0,0,PC 55606,20.10891594841309,S,0,Unknown
309,0,3,Mr. Mustafa Ozkan,male,27.320837231410135,0,1,PC 11658,20.61202226772039,S,0,Unknown
310,0,2,Mrs. Ethel Beane,female,18.68538093866344,0,0,PC 82468,14.362988076724005,S,0,Unknown
311,0,2,Rev. Robert Bateman,male,20.81894410873011,0,0,PC 24248,9.157870586178577,Q,0,Unknown
312,0,1,Capt. Edward Smith,male,12.513113090897445,8,0,PC 34437,27.294662557423745,S,1,E
313,0,1,Mr. William Sloper,male,36.79637656319796,0,0,PC 49727,86.47507424066865,S,0,Unknown
314,0,3,Mr. Patrick Murphy,male,29.843532548220768,0,0,PC 28201,16.1695644592363,S,0,Unknown
315,1,3,Miss. Mary Kelly,female,39.04374529846272,0,0,PC 51150,28.053376869517763,S,0,Unknown
316,1,3,Miss. Mary Kelly,female,27.826502137492653,1,4,PC 99891,5.741097349551594,S,1,D
317,0,2,Mr. Charles Aldworth,male,51.01702763732651,1,0,PC 24999,30.401810381610304,S,0,Unknown
318,0,1,Major Fortescue,male,23.906036614468217,0,0,PC 16376,69.22160515432873,S,0,Unknown
319,1,1,Lady Duff-Gordon,female,34.86655841761273,1,0,PC 61673,180.11152355518908,C,0,Unknown
320,0,2,Mr. Henry Reg,male,14.846331611376876,0,0,PC 13476,15.532830747129944,S,0,Unknown
321,0,3,Mr. Ali Hassan,male,45.97118926542504,0,0,PC 79902,9.987895522697546,S,0,Unknown
322,0,3,Mr. Johan Larsson,male,37.62462504455547,0,0,PC 87994,11.815684616788252,C,0,Unknown
323,1,3,Mrs. Anna Sage,female,24.38014409266301,0,1,PC 72878,18.954765489294548,S,0,Unknown
324,1,2,Miss. Nora Keane,female,22.34871294862286,0,2,PC 30615,69.21257443764381,S,0,Unknown
325,0,3,Mr. Mustafa Ozkan,male,29.843532548220768,1,1,PC 21164,1.0468117358035165,S,1,D
326,1,3,Mr. Patrick Murphy,male,45.91229228179351,0,1,PC 49316,0.7523384670619898,S,0,Unknown
327,0,3,Mrs. Bridget OBrien,female,18.74625848512241,3,0,PC 78560,37.99550390012822,C,0,Unknown
328,1,3,Miss. Mary Kelly,female,27.826502137492653,0,1,PC 39559,10.340184500379848,S,0,Unknown
329,0,2,Mr. Thomas Byles,male,21.96459536103192,0,0,PC 72968,19.75318337039492,C,0,Unknown
330,1,2,Miss. Kate Buss,female,29.930379863891222,0,0,PC 76800,13.632981393882622,Q,1,B
331,0,2,Rev. Robert Bateman,male,20.946851138276894,0,0,PC 19047,2.0355957050677027,Q,0,Unknown
332,1,3,Mr. Olaf Dahl,male,15.137251167552884,0,0,PC 54985,20.021224296880828,C,1,E
333,1,1,Mrs. Margaret Brown,female,37.95927413092505,0,0,PC 82123,115.52134523538672,S,0,Unknown
334,0,1,Major Fortescue,male,29.343990111089028,0,2,PC 16577,31.3769664798606,S,1,B
335,0,1,Capt. Edward Smith,male,36.981352587797005,0,0,PC 93171,30.71276138012682,S,0,Unknown
336,0,1,Mr. William Sloper,male,29.343990111089028,1,0,PC 13870,152.81114457606688,S,0,Unknown
337,0,3,Mr. Olaf Dahl,male,63.19197499189367,0,0,PC 44094,1.0289877697564422,C,1,B
338,1,3,Mrs. Leah Rosen,female,57.4588037499874,0,0,PC 65329,29.17436613270537,S,0,Unknown
339,0,3,Mr. Johan Larsson,male,57.75225516744622,0,0,PC 19217,4.063474909753509,Q,0,Unknown
340,1,1,Miss. Bishop,female,22.09323951639809,2,0,PC 93138,75.5079880329162,C,1,C
341,1,3,Mr. Patrick Murphy,male,38.146298337768044,1,0,PC 76141,37.65830307925877,Q,1,D
342,0,3,Mr. Patrick Murphy,male,30.11401359008775,0,0,PC 32343,15.53010416167885,C,0,Unknown
343,1,1,Mr. William Sloper,male,29.869910184803253,0,1,PC 60822,44.954215059468666,S,0,Unknown
344,1,2,Miss. Nora Keane,female,45.14269011247946,0,0,PC 23003,24.21240823583228,S,1,A
345,0,2,Mr. Henry Reg,male,35.74049086833393,4,0,PC 69538,8.726363380207273,S,0,Unknown
346,0,3,Mrs. Leah Rosen,female,27.15140514442117,0,0,PC 42089,4.448438539789343,S,0,Unknown
347,1,3,Mr. Ali Hassan,male,29.843532548220768,0,0,PC 63595,78.21026289505402,S,0,Unknown
348,1,1,Miss. Charlotte Cardeza,female,35.877566943012404,0,1,PC 93197,116.71466453757634,C,1,D
349,0,2,Mr. Henry Reg,male,25.598539624234085,0,0,PC 92318,21.421374389741032,C,0,Unknown
350,0,3,Mrs. Bridget OBrien,female,45.04454575026231,3,0,PC 40029,6.013671475488416,S,1,A
351,1,3,Mrs. Anna Sage,female,44.419363683608026,0,1,PC 89023,0.6906217479979915,S,0,Unknown
352,1,3,Mrs. Leah Rosen,female,33.57114060014223,0,0,PC 61324,0.4322262924545473,S,0,Unknown
353,1,3,Miss. Dagmar Bryhl,female,16.732763381306228,0,0,PC 61962,11.067446523269156,S,0,Unknown
354,1,1,Miss. Bishop,female,27.411824508686,1,0,PC 49042,120.59225624205672,S,0,Unknown
355,0,1,Mr. William Sloper,male,58.833760680399216,1,2,PC 97601,64.75119388818247,S,0,Unknown
356,0,3,Mr. Olaf Dahl,male,35.34182471736064,0,1,PC 86380,25.17375329815507,S,0,Unknown
357,0,1,Col. John Weir,male,49.03491198137112,0,0,PC 94859,2.8558294689521477,S,1,F
358,1,3,Miss. Mary Kelly,female,17.11929013160929,1,0,PC 55957,6.259437786730957,S,0,Unknown
359,0,3,Mr. Mustafa Ozkan,male,80.0,0,0,PC 92864,3.707076256201119,S,0,Unknown
360,1,3,Mrs. Leah Rosen,female,11.562437602348314,0,2,PC 53739,8.122606873044324,S,1,F
361,0,2,Mr. George Harris,male,35.58031945896097,0,2,PC 48733,1.5551749489435445,S,0,Unknown
362,0,3,Mr. Ali Hassan,male,29.843532548220768,4,0,PC 55389,42.2231226911705,S,0,Unknown
363,0,3,Mr. Ali Hassan,male,45.04381857880243,0,1,PC 39715,3.461218472904859,Q,0,Unknown
364,1,3,Mrs. Leah Rosen,female,18.78419379822105,1,0,PC 49116,35.00350133149938,S,1,E
365,0,3,Mr. Patrick Murphy,male,26.112736658592524,1,0,PC 66922,7.602674697390175,S,1,B
366,0,2,Mr. George Harris,male,32.5266014636369,0,0,PC 66251,87.67013823648853,C,0,Unknown
367,0,3,Mr. Ali Hassan,male,39.68842183264313,0,0,PC 71794,11.063671190056876,S,0,Unknown
368,0,3,Mr. Mustafa Ozkan,male,25.897262879012292,0,2,PC 27580,36.59584339652911,Q,0,Unknown
369,0,1,Col. John Weir,male,30.837025166941476,0,0,PC 10823,0.4505210433614317,S,0,Unknown
370,0,1,Col. John Weir,male,29.343990111089028,0,0,PC 17084,115.85903988487574,S,0,Unknown
371,1,1,Miss. Charlotte Cardeza,female,28.98043719667782,0,2,PC 87991,196.0195972395533,S,0,Unknown
372,1,1,Mr. William Sloper,male,29.343990111089028,1,2,PC 20607,12.641833712999224,S,0,Unknown
373,0,1,Col. John Weir,male,29.343990111089028,3,0,PC 92455,8.489472163145079,S,0,Unknown
374,0,3,Mr. Mustafa Ozkan,male,32.68620016383006,0,0,PC 94930,7.571198447412287,S,0,Unknown
375,0,1,Dr. Arthur Jackson,male,32.19127211117257,0,0,PC 86355,227.91277105947196,S,0,Unknown
376,0,2,Mr. Henry Reg,male,20.22141175613773,0,0,PC 21969,16.181820711087113,S,0,Unknown
377,0,3,Mr. Patrick Murphy,male,25.759395952356968,0,2,PC 73059,10.269867925494925,S,0,Unknown
378,1,1,Dr. Arthur Jackson,male,11.030522759943016,1,2,PC 27333,12.779187765376886,S,0,Unknown
379,0,3,Mr. Ali Hassan,male,25.112433608129223,0,0,PC 87236,0.0108205740209953,S,0,Unknown
380,1,2,Mrs. Esther Hart,female,11.224482995044548,0,0,PC 46668,34.392404128711334,S,0,Unknown
381,1,1,Miss. Bishop,female,22.419421967757145,1,0,PC 21945,7.69850841696713,S,0,Unknown
382,1,3,Mrs. Bridget OBrien,female,16.79757965297224,0,2,PC 56526,13.76455026834571,S,0,Unknown
383,0,3,Mr. Mustafa Ozkan,male,19.24733747549358,0,0,PC 57717,33.710245654262394,S,0,Unknown
384,1,3,Mr. Johan Larsson,male,49.761368834956585,0,0,PC 69426,3.206037678477506,S,0,Unknown
385,0,3,Mr. Johan Larsson,male,29.843532548220768,0,0,PC 94166,14.993821362607225,S,0,Unknown
386,0,3,Mr. Mustafa Ozkan,male,23.364633065580914,0,0,PC 98896,1.1229618465227773,S,0,Unknown
387,1,2,Mrs. Ethel Beane,female,32.528358851303096,1,0,PC 88349,19.16246475798929,Q,0,Unknown
388,0,1,Col. John Weir,male,9.770865159012684,1,0,PC 14601,15.039779641452768,S,0,Unknown
389,0,3,Mr. Johan Larsson,male,29.843532548220768,0,2,PC 22930,18.24333489307681,S,1,E
390,0,3,Mr. Johan Larsson,male,31.177471866303662,2,2,PC 14333,4.910566149232154,S,0,Unknown
391,0,3,Mrs. Leah Rosen,female,16.358158600348325,0,1,PC 80935,8.528052518190169,C,0,Unknown
392,1,2,Mr. Thomas Byles,male,13.282599207816656,1,0,PC 27839,18.937769656853053,S,1,F
393,0,2,Mr. Charles Aldworth,male,25.598539624234085,0,0,PC 61337,3.8888052111406775,Q,1,B
394,0,3,Mr. Johan Larsson,male,9.98006128704442,1,0,PC 50204,18.541482382900107,Q,0,Unknown
395,0,2,Mr. Charles Aldworth,male,23.19962194952442,1,0,PC 30195,7.461397608425061,S,0,Unknown
396,0,3,Mr. Johan Larsson,male,15.270473330799096,0,2,PC 37848,14.875599279611928,Q,0,Unknown
397,0,3,Mr. Mustafa Ozkan,male,7.399174626672021,2,0,PC 99229,2.3606673579525093,S,0,Unknown
398,0,2,Mr. Henry Reg,male,45.33929398098585,1,0,PC 50854,24.11817599536592,C,0,Unknown
399,0,3,Mr. Johan Larsson,male,37.79771272428341,1,2,PC 60998,1.879387346845535,S,0,Unknown
400,0,3,Mr. Mustafa Ozkan,male,29.843532548220768,0,2,PC 77390,7.589874308433618,S,1,C
401,0,1,Major Fortescue,male,29.343990111089028,1,0,PC 41558,23.852955751022836,S,0,Unknown
402,0,3,Mr. Johan Larsson,male,15.283458285622755,1,0,PC 12985,18.90348449220248,C,1,A
403,1,3,Mrs. Anna Sage,female,22.01319789073282,0,0,PC 71794,4.162866753101605,S,0,Unknown
404,1,3,Mrs. Bridget OBrien,female,27.826502137492653,3,0,PC 53585,29.245086012582608,S,1,A
405,1,2,Mr. Thomas Byles,male,24.607025520071645,0,0,PC 94814,46.03598704377434,S,0,Unknown
406,0,3,Mr. Mustafa Ozkan,male,44.01124631475621,0,0,PC 50264,2.996259322472583,S,0,Unknown
407,0,2,Mr. Thomas Byles,male,25.598539624234085,0,2,PC 43326,19.69644087688687,S,1,A
408,1,1,Major Fortescue,male,32.71319447870666,0,0,PC 94816,7.711681609615972,S,0,Unknown
409,0,3,Mrs. Anna Sage,female,27.826502137492653,0,0,PC 69261,6.806424921776248,S,0,Unknown
410,1,1,Capt. Edward Smith,male,29.343990111089028,0,0,PC 44022,104.94915486199125,S,1,G
411,1,2,Mrs. Ethel Beane,female,29.930379863891222,3,0,PC 25667,22.296275650507845,S,1,C
412,0,3,Mr. Ali Hassan,male,37.46673654290932,0,1,PC 28065,13.42642958405157,S,0,Unknown
413,0,3,Mr. Mustafa Ozkan,male,29.843532548220768,0,0,PC 97191,4.54893821559533,S,0,Unknown
414,0,3,Mrs. Bridget OBrien,female,27.826502137492653,0,0,PC 20006,6.505517591893011,Q,0,Unknown
415,0,3,Mrs. Anna Sage,female,17.796662210928282,0,0,PC 81819,1.488359497403929,S,1,A
416,1,3,Mrs. Bridget OBrien,female,19.71689523968885,2,1,PC 55076,17.391900995015707,Q,1,B
417,1,2,Miss. Nora Keane,female,33.22534879479556,0,0,PC 78861,14.509772171531758,C,0,Unknown
418,0,2,Mr. George Harris,male,25.598539624234085,1,1,PC 60393,25.53607784083255,S,0,Unknown
419,1,3,Miss. Dagmar Bryhl,female,27.826502137492653,0,0,PC 13143,3.9219596915646697,S,0,Unknown
420,0,3,Mr. Olaf Dahl,male,16.972294934138397,0,0,PC 67505,5.3732863210258985,C,0,Unknown
421,0,3,Mrs. Bridget OBrien,female,29.532928926475083,0,0,PC 22417,5.573009162223226,S,1,C
422,0,3,Mr. Mustafa Ozkan,male,18.4145275139418,0,2,PC 41300,0.3572897517867746,S,0,Unknown
423,1,1,Miss. Bishop,female,35.2952205381415,0,2,PC 38896,35.03676890934366,S,0,Unknown
424,1,3,Mr. Mustafa Ozkan,male,17.141932723029537,1,0,PC 60629,22.27755362977399,S,0,Unknown
425,0,1,Col. John Weir,male,29.343990111089028,0,0,PC 37606,191.17799527026145,C,0,Unknown
426,0,3,Mr. Olaf Dahl,male,35.58215984964704,1,0,PC 49916,10.004619602232038,S,0,Unknown
427,1,2,Mrs. Ethel Beane,female,29.930379863891222,0,0,PC 71330,12.583332314259668,S,0,Unknown
428,1,3,Mr. Mustafa Ozkan,male,33.15037728790147,0,0,PC 17551,0.4289427723737613,S,0,Unknown
429,0,2,Mr. Henry Reg,male,26.201962966704613,0,2,PC 66422,43.75265645670017,S,0,Unknown
430,1,1,Dr. Arthur Jackson,male,15.287570661932204,0,2,PC 77782,1.100029354318301,S,0,Unknown
431,0,1,Mr. William Sloper,male,40.18029766933945,1,0,PC 75391,228.22851785115293,S,0,Unknown
432,1,3,Mrs. Bridget OBrien,female,27.64722961342181,0,0,PC 73411,9.203782828774358,C,1,G
433,0,3,Mr. Patrick Murphy,male,20.32684863573569,0,2,PC 83185,5.732775943206167,S,0,Unknown
434,1,1,Miss. Charlotte Cardeza,female,19.534391067098845,3,1,PC 10888,216.71161844989936,C,0,Unknown
435,1,1,Dr. Arthur Jackson,male,54.0989477141249,0,0,PC 67135,2.074243964395304,S,0,Unknown
436,0,3,Mr. Olaf Dahl,male,25.416719342509296,0,0,PC 39424,11.931315511917106,S,0,Unknown
437,1,1,Miss. Bishop,female,13.48366639941213,0,0,PC 51559,66.87562035729718,S,0,Unknown
438,0,3,Miss. Mary Kelly,female,46.09752381534936,0,0,PC 21075,3.391989276583721,S,1,D
439,0,3,Mr. Patrick Murphy,male,23.52662951457816,1,0,PC 32699,7.674314556937701,S,0,Unknown
440,0,1,Mr. William Sloper,male,20.927653352938957,1,0,PC 57972,88.7301848906233,S,0,Unknown
441,1,1,Miss. Charlotte Cardeza,female,15.936237157101289,4,0,PC 19950,109.09619061341816,S,1,F
442,0,3,Mr. Patrick Murphy,male,29.843532548220768,0,0,PC 15413,0.0098244860852102,C,1,A
443,1,2,Miss. Nora Keane,female,41.137677085811625,0,0,PC 49305,57.179542688253655,S,1,B
444,1,2,Mrs. Ethel Beane,female,28.7365676807428,1,0,PC 13569,3.72093469597781,S,0,Unknown
445,0,3,Mrs. Leah Rosen,female,21.87260049698465,0,1,PC 76778,3.644549667730591,S,1,A
446,0,3,Mr. Mustafa Ozkan,male,12.308148322605929,0,1,PC 40085,4.189596849338269,S,0,Unknown
447,0,3,Miss. Mary Kelly,female,24.271129595055392,0,0,PC 86023,0.5281881224581023,S,0,Unknown
448,0,3,Mr. Mustafa Ozkan,male,31.355496275613987,0,0,PC 93845,1.7989157961219209,S,0,Unknown
449,0,2,Mr. George Harris,male,17.942287735445028,0,2,PC 46163,88.88600932359086,Q,0,Unknown
450,0,1,Col. John Weir,male,46.99921880126183,1,0,PC 59592,31.80684324021603,C,0,Unknown
451,1,3,Mr. Mustafa Ozkan,male,22.14846316850129,1,0,PC 97151,1.6783583249801404,S,1,A
452,1,3,Mrs. Anna Sage,female,27.826502137492653,0,0,PC 67333,1.5502770976173752,S,0,Unknown
453,1,2,Mrs. Esther Hart,female,29.930379863891222,0,0,PC 18039,26.31050412148364,S,0,Unknown
454,1,3,Mrs. Anna Sage,female,38.77440978671429,0,0,PC 18198,26.41430173467228,C,0,Unknown
455,1,1,Capt. Edward Smith,male,29.50200047604568,1,2,PC 44354,24.947583063571507,S,0,Unknown
456,0,3,Mr. Ali Hassan,male,52.95767902917692,0,0,PC 13824,0.2894976051689201,S,0,Unknown
457,0,1,Col. John Weir,male,29.343990111089028,1,0,PC 60420,21.20418629121178,C,0,Unknown
458,0,3,Miss. Dagmar Bryhl,female,35.07493513124248,0,2,PC 99535,0.797004962760395,S,1,G
459,1,1,Mr. William Sloper,male,30.615927969206965,0,0,PC 13436,9.167743197973552,S,0,Unknown
460,1,1,Miss. Charlotte Cardeza,female,15.388444140635094,0,0,PC 50857,47.44053290146432,S,0,Unknown
461,0,1,Col. John Weir,male,29.343990111089028,1,0,PC 26057,21.945735662361745,S,0,Unknown
462,1,3,Mr. Johan Larsson,male,32.51799523680749,0,0,PC 11310,9.940152234853391,S,0,Unknown
463,1,3,Miss. Dagmar Bryhl,female,35.49830966725599,0,0,PC 85355,4.005212727753855,S,0,Unknown
464,0,3,Mr. Ali Hassan,male,42.91356288805157,0,0,PC 88993,38.66696319069616,S,0,Unknown
465,0,3,Miss. Mary Kelly,female,43.730541808540565,1,0,PC 76013,32.3849448612164,S,0,Unknown
466,1,2,Mrs. Esther Hart,female,16.13004283814122,1,0,PC 70022,17.316996035274585,C,1,A
467,0,2,Mr. Charles Aldworth,male,14.475627264509528,0,0,PC 18906,9.058575128059138,S,1,B
468,0,3,Mr. Mustafa Ozkan,male,18.65791753476502,1,0,PC 19868,6.574456334515891,S,1,D
469,0,1,Major Fortescue,male,29.343990111089028,0,0,PC 28546,44.5852800533064,S,0,Unknown
470,1,3,Miss. Mary Kelly,female,22.356690183600023,0,0,PC 82855,17.815586827905523,C,1,G
471,1,1,Dr. Arthur Jackson,male,15.541710824243005,0,0,PC 43149,50.46900109647149,C,1,C
472,0,3,Mr. Ali Hassan,male,16.06657954174388,0,2,PC 77381,26.619428028652667,S,1,D
473,1,1,Col. John Weir,male,32.048408789905125,1,0,PC 33684,228.22851785115293,S,1,D
474,1,3,Mrs. Bridget OBrien,female,11.603418003837534,1,0,PC 39858,5.608670927242231,C,0,Unknown
475,0,3,Mr. Ali Hassan,male,28.128262692627143,0,1,PC 55330,11.269074270991595,S,1,F
476,0,3,Miss. Dagmar Bryhl,female,27.826502137492653,0,0,PC 69204,1.3683944815441769,S,0,Unknown
477,1,1,Miss. Bishop,female,39.96428598530507,1,0,PC 35293,18.79332276938827,C,0,Unknown
478,0,3,Mr. Johan Larsson,male,35.99688045878166,2,1,PC 66869,7.30928214021573,S,0,Unknown
479,0,3,Mr. Ali Hassan,male,38.07262719891801,0,1,PC 14629,3.1637020924390096,Q,1,B
480,1,3,Miss. Mary Kelly,female,37.07030008955789,3,0,PC 15704,28.660455442043297,C,1,G
481,1,3,Mr. Ali Hassan,male,29.843532548220768,0,0,PC 11776,2.360719529305213,S,0,Unknown
482,0,3,Miss. Mary Kelly,female,24.64227075742794,0,0,PC 67255,8.33210349173634,Q,0,Unknown
483,0,3,Mr. Mustafa Ozkan,male,36.42522000989672,1,1,PC 58281,12.749785971664435,S,1,E
484,0,3,Mr. Mustafa Ozkan,male,29.843532548220768,0,0,PC 41236,16.12782819659611,S,0,Unknown
485,1,3,Mrs. Anna Sage,female,22.08647016853832,0,0,PC 76780,6.617082081394658,S,0,Unknown
486,0,3,Mr. Ali Hassan,male,31.07866119093992,0,1,PC 11333,27.856408536142183,S,0,Unknown
487,0,1,Col. John Weir,male,29.343990111089028,1,0,PC 79205,70.56577411048858,S,1,B
488,0,2,Rev. Robert Bateman,male,39.38114967874815,1,0,PC 93120,11.984056299052565,C,0,Unknown
489,0,3,Mr. Johan Larsson,male,11.7789006382078,0,0,PC 60946,0.9536299522444476,S,0,Unknown
490,0,3,Mr. Johan Larsson,male,29.62260465944425,0,0,PC 65333,8.561243266932754,S,0,Unknown
491,0,3,Mr. Johan Larsson,male,16.855460546517083,0,0,PC 37277,23.54885891559021,S,0,Unknown
492,1,3,Mrs. Anna Sage,female,27.826502137492653,0,1,PC 60606,13.060490771762629,C,1,G
493,1,2,Mr. George Harris,male,25.598539624234085,0,0,PC 11933,36.94450620562176,S,0,Unknown
494,1,1,Mrs. Eleanor Fortune,female,60.75677644642802,1,0,PC 43514,57.22430064843783,S,0,Unknown
495,0,3,Mr. Mustafa Ozkan,male,39.863853147203024,0,0,PC 99893,1.7273896422415755,S,0,Unknown
496,1,2,Miss. Nora Keane,female,34.495439730682605,0,0,PC 72958,0.2842880693842256,S,0,Unknown
497,0,3,Mr. Mustafa Ozkan,male,29.843532548220768,0,2,PC 16827,4.949603211642215,S,0,Unknown
498,1,1,Mrs. Eleanor Fortune,female,16.676526445540514,0,0,PC 40844,100.57292370494773,S,0,Unknown
499,0,3,Mr. Ali Hassan,male,26.759973904128376,3,0,PC 10792,21.39784029046169,S,1,A
500,0,3,Mr. Olaf Dahl,male,29.974783268600557,0,2,PC 49695,4.803574792376341,S,1,B
501,0,3,Mr. Patrick Murphy,male,20.08445349331319,0,0,PC 93187,9.377548368509938,Q,0,Unknown
502,0,3,Mr. Patrick Murphy,male,29.843532548220768,0,0,PC 52510,7.489217123754276,S,0,Unknown
503,0,2,Rev. Robert Bateman,male,64.55571320755118,0,0,PC 49137,10.940347648054404,S,1,F
504,0,3,Mr. Johan Larsson,male,10.930296881242237,0,1,PC 94610,3.604714894640128,S,0,Unknown
505,1,3,Miss. Mary Kelly,female,36.24507309842496,0,0,PC 83410,2.008586073566182,S,1,E
506,0,1,Dr. Arthur Jackson,male,27.153546939571683,0,0,PC 92212,18.397074565554945,S,0,Unknown
507,0,3,Mr. Johan Larsson,male,34.25675941169562,0,0,PC 49632,0.779833397579818,S,0,Unknown
508,0,3,Mr. Patrick Murphy,male,29.71228182784098,0,0,PC 46790,3.025092946648527,S,0,Unknown
509,1,3,Miss. Mary Kelly,female,24.26952094093238,0,0,PC 93568,0.1266357763875221,S,0,Unknown
510,0,3,Mr. Olaf Dahl,male,13.361160730941776,3,0,PC 40885,13.520117116369136,S,0,Unknown
511,0,3,Mr. Olaf Dahl,male,37.34834158896187,0,0,PC 75214,5.210745039362209,C,1,G
512,0,2,Mr. George Harris,male,33.94497546533789,0,0,PC 86544,74.87795495870405,S,0,Unknown
513,0,3,Miss. Dagmar Bryhl,female,34.00138354940771,0,0,PC 54870,2.949891459006019,S,0,Unknown
514,0,3,Mrs. Bridget OBrien,female,45.7712176884589,0,0,PC 58110,5.814085966417652,S,0,Unknown
515,0,1,Capt. Edward Smith,male,21.801632458743484,1,1,PC 15171,37.205245513662845,S,0,Unknown
516,1,1,Lady Duff-Gordon,female,27.12431178878761,0,1,PC 19589,0.7129426469220487,S,0,Unknown
517,1,2,Mrs. Ethel Beane,female,29.930379863891222,1,0,PC 28077,37.832218021083385,S,0,Unknown
518,0,3,Mr. Olaf Dahl,male,21.39867281867651,0,0,PC 74874,0.445489321608346,S,1,C
519,1,3,Mrs. Anna Sage,female,14.292945627925167,0,0,PC 82246,38.58485074286853,S,0,Unknown
520,0,1,Major Fortescue,male,18.935843893411864,1,2,PC 95772,187.01026889923352,S,0,Unknown
521,0,3,Mr. Mustafa Ozkan,male,7.86568582535787,0,1,PC 48227,10.5057203840117,Q,0,Unknown
522,0,2,Mr. Henry Reg,male,32.585772462688574,0,1,PC 24937,16.236582483868187,S,1,F
523,1,3,Mr. Ali Hassan,male,61.80015581722056,0,0,PC 19754,14.531245700493784,S,0,Unknown
524,0,3,Mr. Patrick Murphy,male,15.606342765181529,1,0,PC 35688,6.70576546719931,C,0,Unknown
525,0,3,Mrs. Anna Sage,female,24.14262855989648,0,0,PC 17048,14.274264522118678,S,0,Unknown
526,0,3,Mr. Olaf Dahl,male,56.805942720295285,1,0,PC 32568,0.6274797687205481,S,1,B
527,0,2,Mr. George Harris,male,34.9798492668082,0,0,PC 85019,1.1501552847296148,S,0,Unknown
528,0,2,Mr. George Harris,male,31.600653625649382,1,2,PC 27545,12.649157168887882,S,1,C
529,1,1,Mrs. Margaret Brown,female,27.411824508686,0,0,PC 92949,67.00417226021237,S,0,Unknown
530,1,3,Mr. Olaf Dahl,male,25.287118464326788,1,0,PC 55217,29.970524430831222,C,0,Unknown
531,0,3,Mr. Johan Larsson,male,20.599318822554785,0,0,PC 58122,1.5145686004373766,S,0,Unknown
532,0,3,Mr. Patrick Murphy,male,33.5594208365487,1,2,PC 43746,23.6957722193702,S,0,Unknown
533,1,3,Mr. Patrick Murphy,male,33.91631010766756,0,0,PC 18709,3.230216906367793,S,0,Unknown
534,0,3,Miss. Mary Kelly,female,22.39259631091392,0,0,PC 35358,6.863882707108714,C,1,A
535,0,3,Miss. Dagmar Bryhl,female,24.421112777489792,0,2,PC 21023,5.215295479068228,S,1,E
536,0,3,Mr. Johan Larsson,male,45.83929185940205,0,0,PC 38756,7.001856901519816,S,0,Unknown
537,0,3,Mrs. Bridget OBrien,female,48.20595816253308,0,0,PC 73175,2.234497925828533,S,0,Unknown
538,0,2,Mr. George Harris,male,23.39175970285844,2,0,PC 64281,14.496477903997496,S,0,Unknown
539,1,3,Mrs. Anna Sage,female,27.826502137492653,4,0,PC 59289,22.16228139920036,S,1,G
540,1,1,Capt. Edward Smith,male,15.149672110127474,0,1,PC 68097,48.9351708938972,S,0,Unknown
541,0,3,Mr. Mustafa Ozkan,male,24.380197826389583,2,1,PC 86681,9.241312635489656,Q,0,Unknown
542,0,3,Mr. Ali Hassan,male,29.843532548220768,0,0,PC 96728,25.878443135601277,S,1,G
543,1,1,Miss. Charlotte Cardeza,female,12.1349732135077,0,0,PC 57259,102.84734880162576,S,0,Unknown
544,1,3,Mr. Patrick Murphy,male,32.837042227704345,1,0,PC 28839,9.237032481232715,S,0,Unknown
545,0,3,Mr. Patrick Murphy,male,29.843532548220768,0,0,PC 37410,4.0825444091263225,S,0,Unknown
546,0,2,Rev. Robert Bateman,male,49.78333484339998,4,0,PC 21447,44.75725784762008,S,0,Unknown
547,1,1,Miss. Bishop,female,50.91505784670477,0,0,PC 96569,72.27623189186022,S,0,Unknown
548,0,3,Mr. Patrick Murphy,male,29.843532548220768,0,0,PC 85665,3.424092206894596,C,0,Unknown
549,0,3,Miss. Dagmar Bryhl,female,32.799502262921514,0,1,PC 23907,4.2950274454232895,S,1,A
550,0,3,Miss. Dagmar Bryhl,female,24.305325296478472,0,0,PC 31637,22.26561478962064,S,1,A
551,0,3,Mr. Olaf Dahl,male,31.704099145735427,0,0,PC 48196,0.6185500559640895,S,1,G
552,1,3,Mrs. Anna Sage,female,25.097741506565825,8,0,PC 32369,66.30668513616612,S,0,Unknown
553,0,3,Mr. Johan Larsson,male,45.97028339796533,1,1,PC 12589,1.9134293870053745,S,0,Unknown
554,0,3,Mrs. Leah Rosen,female,37.37164628170341,1,0,PC 33560,21.782606130157205,C,0,Unknown
555,0,3,Mr. Olaf Dahl,male,29.843532548220768,0,0,PC 13034,6.8795305234127495,Q,0,Unknown
556,1,2,Miss. Nora Keane,female,37.65939462437882,0,0,PC 10169,14.02837922837214,S,0,Unknown
557,1,1,Miss. Charlotte Cardeza,female,10.790597298456255,0,0,PC 13239,178.55878022823862,S,0,Unknown
558,1,1,Mrs. Margaret Brown,female,27.411824508686,0,0,PC 13415,44.736650715063,C,0,Unknown
559,1,3,Miss. Mary Kelly,female,19.95272078248141,0,1,PC 95488,10.56400446672776,S,0,Unknown
560,0,3,Mr. Patrick Murphy,male,49.3331008821625,1,2,PC 86944,0.692622248725334,S,1,D
561,0,3,Mr. Johan Larsson,male,22.29080843642601,0,1,PC 13484,0.0321981990028978,S,0,Unknown
562,1,1,Mrs. Eleanor Fortune,female,28.962646148868192,0,0,PC 63987,23.584889662804912,C,0,Unknown
563,1,1,Col. John Weir,male,23.86242008638602,0,0,PC 28225,95.86568130067288,S,1,E
564,1,1,Col. John Weir,male,34.1508005216517,0,0,PC 90459,10.858829885147054,C,0,Unknown
565,1,2,Mrs. Ethel Beane,female,15.566466386388887,0,3,PC 71104,2.4999326852874777,C,0,Unknown
566,0,3,Miss. Mary Kelly,female,7.800188624178848,2,0,PC 30936,7.250892388944447,S,0,Unknown
567,1,2,Mrs. Ada Clarke,female,47.73682077126093,0,0,PC 49612,21.603787916749944,S,0,Unknown
568,0,2,Mr. Thomas Byles,male,52.21282814314566,1,0,PC 94946,25.77242742577967,C,0,Unknown
569,1,3,Mrs. Leah Rosen,female,22.272519252243825,0,0,PC 49952,2.6929172045862955,S,0,Unknown
570,1,2,Mr. Charles Aldworth,male,18.457960976409236,0,0,PC 68945,1.7167346944797357,S,1,A
571,1,3,Mrs. Anna Sage,female,25.186817237230493,0,0,PC 97399,38.63468417984622,S,0,Unknown
572,1,3,Mr. Olaf Dahl,male,15.735326037818192,1,0,PC 15380,4.137482411921603,S,0,Unknown
573,1,2,Miss. Kate Buss,female,29.930379863891222,1,1,PC 60298,39.7374298446207,S,0,Unknown
574,0,3,Mrs. Bridget OBrien,female,23.43066575017476,0,0,PC 96246,27.28174204314733,S,1,E
575,1,3,Mr. Mustafa Ozkan,male,21.92623180436586,0,0,PC 90821,20.285649594628595,S,0,Unknown
576,0,3,Miss. Dagmar Bryhl,female,27.826502137492653,0,0,PC 37260,2.5334762195799567,C,0,Unknown
577,0,1,Col. John Weir,male,26.64565480699013,0,0,PC 42879,144.8879840381652,S,0,Unknown
578,0,3,Mrs. Leah Rosen,female,23.602537723813285,2,1,PC 26143,20.089992759824728,S,0,Unknown
579,0,3,Mrs. Leah Rosen,female,26.95657960514842,0,0,PC 59744,12.441402696719631,S,1,G
580,0,2,Mr. Charles Aldworth,male,20.11323820330098,0,0,PC 82949,8.513600824740719,S,0,Unknown
581,0,3,Miss. Mary Kelly,female,43.14371895162137,0,0,PC 41578,4.171661749644895,S,0,Unknown
582,0,3,Mrs. Bridget OBrien,female,32.70513219667494,0,2,PC 90262,1.7807604029809934,S,0,Unknown
583,0,3,Mr. Olaf Dahl,male,29.843532548220768,0,0,PC 67331,9.766102935953516,S,0,Unknown
584,0,2,Mr. Henry Reg,male,16.755468286690785,0,0,PC 73815,18.21818534245957,S,0,Unknown
585,0,3,Mrs. Leah Rosen,female,41.94180968571467,1,0,PC 81519,6.099990873826542,C,0,Unknown
586,1,1,Mrs. Eleanor Fortune,female,20.600035957563552,1,0,PC 29178,54.18345986111979,S,1,F
587,1,1,Miss. Charlotte Cardeza,female,28.91620227712244,0,0,PC 85857,37.9506603082755,S,0,Unknown
588,1,1,Mrs. Eleanor Fortune,female,21.019049843061524,1,1,PC 70197,86.05378012524874,C,0,Unknown
589,1,1,Dr. Arthur Jackson,male,37.377365849723,0,0,PC 46366,194.48159833685972,S,0,Unknown
590,1,1,Mrs. Margaret Brown,female,27.411824508686,0,2,PC 62955,15.038628370015203,Q,0,Unknown
591,1,1,Major Fortescue,male,29.343990111089028,0,0,PC 51911,40.34609548303993,C,0,Unknown
592,0,3,Mr. Patrick Murphy,male,37.72918462215087,0,0,PC 93422,2.080117644759176,S,0,Unknown
593,1,1,Major Fortescue,male,19.10787455830281,0,0,PC 63619,82.3770627685594,S,0,Unknown
594,0,2,Mr. Thomas Byles,male,9.680766755052662,0,1,PC 54296,27.016786072401462,S,1,E
595,0,3,Mr. Ali Hassan,male,20.125608216217127,0,0,PC 32791,36.81142121833502,S,0,Unknown
596,0,3,Mr. Olaf Dahl,male,29.843532548220768,4,2,PC 18301,4.47905777869326,C,0,Unknown
597,0,3,Miss. Mary Kelly,female,15.268667861053526,0,2,PC 45779,41.099525125803005,S,1,F
598,1,1,Col. John Weir,male,25.829909257219825,0,2,PC 46894,5.489598981762096,C,1,C
599,1,1,Mr. William Sloper,male,25.857921443458096,0,0,PC 89618,77.60372921435393,C,0,Unknown
600,1,1,Capt. Edward Smith,male,56.28053457950002,0,0,PC 59250,4.94169882100594,S,0,Unknown
601,1,1,Capt. Edward Smith,male,18.21749518708561,0,1,PC 80994,188.34380431590225,S,0,Unknown
602,0,2,Mr. Thomas Byles,male,25.598539624234085,1,0,PC 51770,15.620559588195526,S,1,E
603,0,1,Major Fortescue,male,18.27177052670472,0,0,PC 32300,92.96194966883904,S,0,Unknown
604,0,1,Dr. Arthur Jackson,male,35.34660881100298,0,0,PC 78235,149.62570181147626,S,1,F
605,1,1,Mrs. Eleanor Fortune,female,23.988369304582164,0,0,PC 39485,13.682292498254162,S,0,Unknown
606,0,3,Mr. Johan Larsson,male,22.348798434425134,0,0,PC 50285,0.5391764699624295,S,0,Unknown
607,1,1,Dr. Arthur Jackson,male,29.343990111089028,0,0,PC 76555,177.32256782596627,C,0,Unknown
608,0,2,Rev. Robert Bateman,male,25.598539624234085,0,0,PC 42471,7.829546623285054,S,0,Unknown
609,0,3,Miss. Dagmar Bryhl,female,42.59967963521621,0,0,PC 58671,1.89182048498637,S,0,Unknown
610,0,3,Mr. Mustafa Ozkan,male,34.72036542527109,0,0,PC 30270,8.658114391947505,S,0,Unknown
611,0,1,Dr. Arthur Jackson,male,29.343990111089028,0,0,PC 98151,76.61344846598143,C,0,Unknown
612,0,3,Mr. Mustafa Ozkan,male,29.843532548220768,4,0,PC 23698,0.4310065282097032,S,0,Unknown
613,1,3,Mr. Patrick Murphy,male,29.843532548220768,0,0,PC 82265,4.403724093273814,S,1,A
614,0,1,Capt. Edward Smith,male,36.59999229273402,1,0,PC 49729,2.8013873743712576,Q,0,Unknown
615,0,3,Mr. Johan Larsson,male,29.843532548220768,1,0,PC 21171,7.470686719047655,S,0,Unknown
616,0,3,Mr. Olaf Dahl,male,24.52213406295576,0,0,PC 89483,30.89004815711309,S,0,Unknown
617,1,1,Col. John Weir,male,10.374686563807884,0,0,PC 70684,228.22851785115293,S,0,Unknown
618,0,2,Mr. Henry Reg,male,10.307380859887758,0,0,PC 65165,20.979107512002702,C,0,Unknown
619,0,3,Mrs. Anna Sage,female,27.826502137492653,1,1,PC 59948,2.415377480934969,S,1,G
620,0,3,Mrs. Leah Rosen,female,41.83359684895876,0,0,PC 44725,32.37117576471564,S,0,Unknown
621,1,1,Mrs. Margaret Brown,female,27.411824508686,1,0,PC 29450,60.99933292348842,S,0,Unknown
622,1,1,Lady Duff-Gordon,female,37.509631475441054,2,0,PC 23300,14.022929917842422,Q,0,Unknown
623,0,2,Mr. Charles Aldworth,male,19.62267913300231,1,0,PC 94600,52.73425063859116,S,0,Unknown
624,0,3,Mr. Mustafa Ozkan,male,22.52811721079525,0,0,PC 14441,19.4077755268365,S,0,Unknown
625,0,3,Mr. Mustafa Ozkan,male,41.27168270092424,0,0,PC 29332,18.024667684963084,Q,0,Unknown
626,1,2,Miss. Nora Keane,female,54.74986053340111,1,0,PC 30115,25.565600824636437,S,1,E
627,1,3,Miss. Dagmar Bryhl,female,41.65210113956186,0,0,PC 97404,3.06288732561088,Q,1,D
628,0,3,Mr. Olaf Dahl,male,41.66312327080664,0,0,PC 51997,3.246864920106692,Q,0,Unknown
629,1,1,Mrs. Eleanor Fortune,female,19.20019242346022,1,2,PC 96151,97.91809691363667,C,0,Unknown
630,0,2,Mr. Henry Reg,male,36.80812363563015,0,0,PC 23615,5.135793659294576,S,1,A
631,0,3,Miss. Mary Kelly,female,14.169728811010712,2,0,PC 24732,7.911055874960015,S,0,Unknown
632,0,3,Mr. Ali Hassan,male,44.33541502184079,0,0,PC 35367,20.86877969001779,C,1,G
633,0,3,Mr. Ali Hassan,male,32.433507654077246,0,0,PC 52738,20.99192188413316,Q,0,Unknown
634,1,3,Mr. Ali Hassan,male,24.45220477743373,2,1,PC 10981,8.271856575317951,S,0,Unknown
635,0,1,Col. John Weir,male,8.560473935944364,0,0,PC 72881,131.97498562538703,C,1,F
636,0,2,Mr. Charles Aldworth,male,24.09166562582499,0,0,PC 68609,37.75689474106942,S,0,Unknown
637,0,3,Mr. Mustafa Ozkan,male,27.70837477941422,0,1,PC 97090,14.570786752562173,S,0,Unknown
638,1,2,Mrs. Ethel Beane,female,29.930379863891222,0,0,PC 91666,5.367975818682701,S,0,Unknown
639,0,2,Mr. George Harris,male,24.612112919953887,0,0,PC 94351,6.628584857808051,C,0,Unknown
640,0,2,Mr. Henry Reg,male,21.504230103392985,0,2,PC 18566,7.826764758140921,S,0,Unknown
641,1,1,Col. John Weir,male,18.16708259087176,0,0,PC 81885,10.433493372708506,S,0,Unknown
642,1,2,Mrs. Ethel Beane,female,54.7281752486589,0,0,PC 20728,6.604301588115967,Q,1,G
643,0,1,Capt. Edward Smith,male,61.667702933955226,1,0,PC 93911,19.74957111197828,S,0,Unknown
644,1,2,Mr. George Harris,male,25.598539624234085,1,0,PC 97350,12.57675855351959,S,1,G
645,0,1,Major Fortescue,male,18.879927243947694,0,0,PC 46214,200.8216562190645,S,1,E
646,1,3,Mr. Ali Hassan,male,29.843532548220768,0,1,PC 67935,1.511809762416915,S,0,Unknown
647,0,3,Mrs. Bridget OBrien,female,27.826502137492653,0,0,PC 97081,17.452745170515534,S,1,D
648,1,3,Mr. Mustafa Ozkan,male,60.58619644205341,0,0,PC 55588,15.925656309157636,Q,1,G
649,0,3,Mr. Patrick Murphy,male,31.294604271411067,1,2,PC 28953,1.3789605043955846,S,0,Unknown
650,1,3,Mrs. Leah Rosen,female,46.288837655298096,1,0,PC 78408,35.05024489541675,C,0,Unknown
651,1,1,Col. John Weir,male,45.89968099482894,0,0,PC 84904,70.59556132545683,S,0,Unknown
652,0,3,Mr. Ali Hassan,male,29.843532548220768,0,0,PC 44103,6.194115763345739,S,1,E
653,1,3,Mr. Mustafa Ozkan,male,15.691071493258905,0,2,PC 80949,19.35531619827934,S,0,Unknown
654,0,3,Miss. Dagmar Bryhl,female,45.977807934449714,0,1,PC 59264,4.07645176762571,S,0,Unknown
655,0,2,Mr. Charles Aldworth,male,14.759467378364144,0,0,PC 30156,24.479191110995785,S,0,Unknown
656,1,1,Mrs. Margaret Brown,female,19.257403839684493,4,0,PC 23423,3.4037820023408227,S,0,Unknown
657,0,2,Mr. Charles Aldworth,male,31.88899995617449,1,0,PC 48062,37.85799249031474,S,0,Unknown
658,0,2,Mr. Charles Aldworth,male,23.38589103118341,0,2,PC 52805,12.306497471962585,S,1,D
659,0,3,Mr. Patrick Murphy,male,29.843532548220768,0,0,PC 11987,13.8713436585255,S,1,C
660,1,3,Mrs. Leah Rosen,female,14.324708846709298,1,0,PC 72979,3.425679085780022,S,0,Unknown
661,0,2,Mr. Thomas Byles,male,19.280977122207737,0,1,PC 47597,23.39785572343385,Q,0,Unknown
662,1,3,Miss. Dagmar Bryhl,female,27.826502137492653,0,0,PC 93905,20.26865744864577,S,0,Unknown
663,0,3,Miss. Dagmar Bryhl,female,27.826502137492653,0,0,PC 37868,8.781142978237488,S,0,Unknown
664,0,1,Capt. Edward Smith,male,50.69875704287648,1,0,PC 86970,80.77608565220882,Q,1,E
665,0,1,Capt. Edward Smith,male,12.042668354533197,0,0,PC 73805,51.19004825311658,C,0,Unknown
666,0,1,Mr. William Sloper,male,29.343990111089028,0,0,PC 90084,188.59499657997677,S,0,Unknown
667,0,2,Rev. Robert Bateman,male,20.71799564472653,1,2,PC 26636,14.260118150753913,S,0,Unknown
668,1,1,Mrs. Eleanor Fortune,female,27.593536427368768,1,0,PC 67467,154.89182317685993,S,0,Unknown
669,1,1,Miss. Bishop,female,31.71416162135538,2,0,PC 27007,135.76257727747324,S,0,Unknown
670,1,2,Mr. Henry Reg,male,21.329656898945338,0,0,PC 86864,10.93971687134512,C,0,Unknown
671,0,1,Col. John Weir,male,43.31777290086615,0,0,PC 13389,21.96385798657532,C,1,B
672,0,3,Mrs. Bridget OBrien,female,46.72005376017468,1,0,PC 19458,7.137895080908283,S,0,Unknown
673,0,1,Col. John Weir,male,45.56091653850884,1,0,PC 78481,146.99580393459894,Q,0,Unknown
674,0,3,Miss. Dagmar Bryhl,female,17.717470010200287,0,1,PC 84888,3.538639476966913,S,1,C
675,0,2,Mr. George Harris,male,32.450484984152176,0,0,PC 86022,15.385368939687211,S,0,Unknown
676,1,3,Miss. Dagmar Bryhl,female,27.826502137492653,1,0,PC 51400,22.47342444841828,C,0,Unknown
677,0,1,Major Fortescue,male,40.0254648624103,1,0,PC 77628,36.63636817022779,S,0,Unknown
678,0,2,Mr. Thomas Byles,male,38.809381730118005,0,2,PC 61857,21.27562647600638,C,0,Unknown
679,1,3,Mr. Olaf Dahl,male,51.108167116607646,0,0,PC 74367,3.861679303725372,Q,1,F
680,1,3,Mr. Mustafa Ozkan,male,22.455951985404017,0,1,PC 46527,1.5854260866057122,S,1,F
681,0,3,Mr. Patrick Murphy,male,10.97340907971732,0,0,PC 80648,21.66992050335048,S,0,Unknown
682,1,2,Miss. Nora Keane,female,24.33542148180597,0,2,PC 26937,2.1572545943455705,S,0,Unknown
683,1,1,Miss. Bishop,female,25.00118575964595,0,0,PC 47672,26.59480820386264,S,1,A
684,0,3,Mr. Ali Hassan,male,75.88049295573794,0,0,PC 11112,26.4653374459202,S,0,Unknown
685,0,3,Mr. Olaf Dahl,male,20.473789068507365,0,0,PC 45545,5.82751076729955,S,0,Unknown
686,0,3,Mr. Mustafa Ozkan,male,46.25725589434809,0,0,PC 99017,49.50631228337181,C,0,Unknown
687,0,3,Mr. Olaf Dahl,male,69.13037276524749,1,0,PC 58355,53.413932545235255,S,0,Unknown
688,0,2,Mr. Thomas Byles,male,62.101439204950935,0,1,PC 85561,6.465684604370751,S,0,Unknown
689,0,3,Mr. Olaf Dahl,male,29.843532548220768,0,0,PC 44082,0.573228488968747,S,0,Unknown
690,1,1,Mr. William Sloper,male,40.299125456269934,1,2,PC 70482,102.56353534439948,C,0,Unknown
691,1,2,Mr. Henry Reg,male,31.21106294994982,0,1,PC 89098,12.412387625400934,S,0,Unknown
692,0,2,Mr. George Harris,male,18.836696588534004,4,0,PC 21304,2.19828533134102,S,1,A
693,0,3,Mr. Olaf Dahl,male,49.70243590545479,1,1,PC 66625,16.8423502166642,C,0,Unknown
694,1,2,Mrs. Ethel Beane,female,36.49960131918103,0,0,PC 82551,0.6555935945762502,S,0,Unknown
695,0,1,Col. John Weir,male,17.685858219800295,4,0,PC 54885,171.50573815696322,S,0,Unknown
696,1,3,Miss. Dagmar Bryhl,female,23.424701840957503,0,0,PC 81246,2.044824863606041,C,0,Unknown
697,0,2,Mr. George Harris,male,26.03165223463043,0,0,PC 22588,2.818864653372843,S,0,Unknown
698,0,3,Mr. Patrick Murphy,male,47.04453655763831,0,0,PC 30967,2.6466637014533614,Q,0,Unknown
699,1,1,Miss. Bishop,female,15.3660105759182,0,0,PC 97440,228.22851785115293,S,0,Unknown
700,1,3,Miss. Dagmar Bryhl,female,15.334763078387391,2,0,PC 34256,16.185993035830897,S,0,Unknown
701,1,3,Mrs. Leah Rosen,female,30.92206417103264,0,0,PC 68348,22.143573199984324,C,0,Unknown
702,0,1,Col. John Weir,male,17.13280364509595,0,0,PC 35052,42.57890124000305,S,0,Unknown
703,0,2,Mr. Henry Reg,male,25.598539624234085,0,0,PC 90972,8.485845263073271,C,0,Unknown
704,0,1,Miss. Bishop,female,22.06877992926738,0,1,PC 97351,22.44523441373546,C,0,Unknown
705,0,1,Capt. Edward Smith,male,8.857422417355671,0,0,PC 68479,55.034570040496334,C,0,Unknown
706,1,3,Mr. Patrick Murphy,male,20.01642700558912,0,0,PC 90732,10.995343649127232,Q,1,D
707,0,2,Mr. Henry Reg,male,25.324950273087996,1,0,PC 70200,20.68055628319834,S,0,Unknown
708,0,3,Mr. Johan Larsson,male,42.3764937083379,0,0,PC 93625,4.071896750694482,S,0,Unknown
709,1,2,Miss. Kate Buss,female,62.58696201358824,1,1,PC 93140,61.46181523411464,S,0,Unknown
710,0,3,Mr. Ali Hassan,male,29.843532548220768,0,0,PC 12506,2.5487295666280274,S,0,Unknown
711,0,3,Mr. Olaf Dahl,male,30.296261936188444,1,0,PC 30709,46.18606593441908,C,1,C
712,0,3,Mr. Mustafa Ozkan,male,35.15721816819621,1,0,PC 68535,0.2050558454069959,S,0,Unknown
713,0,3,Mr. Johan Larsson,male,73.14017364026577,0,0,PC 54840,8.988482400985912,S,1,F
714,0,2,Mr. Thomas Byles,male,21.542953430277358,0,4,PC 70587,8.394199139084867,S,0,Unknown
715,0,2,Rev. Robert Bateman,male,18.527727863519004,1,1,PC 69321,12.342260666478394,S,0,Unknown
716,1,3,Mr. Mustafa Ozkan,male,29.843532548220768,0,0,PC 53202,11.583580137742768,Q,0,Unknown
717,1,3,Mrs. Anna Sage,female,18.45874049930714,3,0,PC 66588,7.836028037193784,S,0,Unknown
718,0,3,Mr. Ali Hassan,male,37.714675257073225,0,0,PC 13090,7.341578901689878,S,1,E
719,1,1,Dr. Arthur Jackson,male,42.99309830277808,0,0,PC 69231,110.8355857916864,C,0,Unknown
720,1,3,Miss. Dagmar Bryhl,female,31.436887968428938,0,1,PC 31552,15.864166289450091,S,0,Unknown
721,1,3,Miss. Dagmar Bryhl,female,30.465163839260764,3,1,PC 90227,24.542005061035088,S,0,Unknown
722,1,1,Mr. William Sloper,male,50.17093062474943,0,0,PC 43741,24.16070011039808,S,1,D
723,0,1,Col. John Weir,male,25.43462588352056,1,2,PC 31661,78.99362693885912,S,0,Unknown
724,0,3,Mr. Ali Hassan,male,39.766004808635074,1,0,PC 51025,12.055263369205443,S,0,Unknown
725,1,3,Miss. Mary Kelly,female,25.22375848374888,0,0,PC 16092,6.32418540947882,C,0,Unknown
726,0,3,Mrs. Anna Sage,female,15.58835704074198,0,0,PC 45674,9.119322375584412,S,1,A
727,1,1,Lady Duff-Gordon,female,46.656659253060106,1,0,PC 10570,31.63105061059028,Q,0,Unknown
728,1,3,Mr. Johan Larsson,male,32.31514061269068,0,0,PC 22084,2.095686824141375,C,0,Unknown
729,1,1,Miss. Charlotte Cardeza,female,44.728773232384015,1,0,PC 75843,20.205830894517067,S,0,Unknown
730,1,1,Col. John Weir,male,34.00310797136738,0,0,PC 70752,9.366473092051118,S,0,Unknown
731,0,1,Dr. Arthur Jackson,male,35.897225172443854,0,0,PC 79278,96.52213278028997,S,0,Unknown
732,0,3,Mr. Mustafa Ozkan,male,18.723718084501563,1,1,PC 10765,14.809033421522322,S,0,Unknown
733,1,3,Miss. Dagmar Bryhl,female,27.826502137492653,0,0,PC 34198,41.208693641653554,C,0,Unknown
734,1,3,Mr. Olaf Dahl,male,29.843532548220768,0,0,PC 71201,17.921558663900292,S,0,Unknown
735,1,2,Mrs. Ethel Beane,female,26.933114674979425,0,1,PC 83271,1.1063970119990545,S,1,G
736,0,3,Mr. Olaf Dahl,male,21.028770199782315,0,2,PC 91738,29.541048233642947,S,0,Unknown
737,0,2,Mr. Henry Reg,male,40.43069795081927,0,2,PC 57199,41.09790598691013,S,0,Unknown
738,0,3,Mr. Mustafa Ozkan,male,14.598572764923766,1,0,PC 21377,8.024984427176644,S,0,Unknown
739,0,2,Mr. Thomas Byles,male,52.86736961058719,0,0,PC 89833,18.248262275450447,S,0,Unknown
740,1,2,Miss. Kate Buss,female,29.930379863891222,0,0,PC 18036,77.2724922405932,S,1,A
741,0,3,Mr. Olaf Dahl,male,39.82376663277322,0,0,PC 50364,10.41114436289378,S,0,Unknown
742,1,2,Mrs. Ada Clarke,female,32.439283441632895,0,2,PC 99905,48.79552637664192,S,0,Unknown
743,1,3,Miss. Mary Kelly,female,46.7636796976349,0,0,PC 47443,1.1876540069084274,S,0,Unknown
744,0,3,Miss. Mary Kelly,female,47.882259602297154,2,0,PC 11663,2.9046805564873,S,0,Unknown
745,0,1,Capt. Edward Smith,male,30.85183588810081,1,0,PC 49244,48.81807151731269,S,1,D
746,1,3,Mr. Patrick Murphy,male,12.545969154712797,0,0,PC 68391,12.040805691381932,S,0,Unknown
747,0,2,Rev. Robert Bateman,male,57.290754769450345,0,1,PC 87564,35.067013311307804,S,0,Unknown
748,1,3,Mrs. Bridget OBrien,female,13.942341167791213,0,0,PC 95359,60.89559095475407,Q,1,B
749,1,3,Mrs. Anna Sage,female,35.07376372772087,0,0,PC 25077,6.746089601531602,S,0,Unknown
750,0,3,Mr. Ali Hassan,male,50.356009212993925,0,0,PC 67849,0.6654994874303133,S,0,Unknown
751,1,1,Mrs. Margaret Brown,female,27.411824508686,0,0,PC 29631,135.686262721589,C,0,Unknown
752,0,3,Mr. Patrick Murphy,male,21.000935610116077,0,0,PC 62652,12.704050305478187,C,1,C
753,0,3,Mr. Olaf Dahl,male,29.843532548220768,0,0,PC 77446,3.0321358090851898,S,0,Unknown
754,0,2,Mr. Henry Reg,male,21.81726736740075,0,0,PC 43500,14.135144402865642,S,0,Unknown
755,1,1,Miss. Charlotte Cardeza,female,21.47898047622834,3,0,PC 29897,113.90390925605706,S,1,F
756,0,3,Mr. Mustafa Ozkan,male,31.875734324750397,0,2,PC 68915,20.15911095968283,S,0,Unknown
757,1,3,Mrs. Bridget OBrien,female,6.496339500944497,0,2,PC 47377,9.485664850106229,C,0,Unknown
758,1,3,Miss. Mary Kelly,female,27.826502137492653,0,2,PC 86670,4.988884557916128,S,0,Unknown
759,1,3,Miss. Dagmar Bryhl,female,30.52338334279198,0,0,PC 36897,49.86535234972017,C,0,Unknown
760,0,3,Mr. Olaf Dahl,male,29.672152761472432,1,0,PC 57280,14.915860270219918,S,0,Unknown
761,1,1,Col. John Weir,male,19.517418038098405,0,0,PC 67320,44.07059493634899,S,0,Unknown
762,0,2,Mr. Charles Aldworth,male,25.598539624234085,0,2,PC 82592,6.813356168125979,S,0,Unknown
763,0,2,Rev. Robert Bateman,male,28.901855701920297,0,2,PC 78289,27.18793494889469,C,0,Unknown
764,0,3,Mr. Ali Hassan,male,29.843532548220768,1,1,PC 41941,3.7992009134214846,S,0,Unknown
765,1,1,Mrs. Margaret Brown,female,27.411824508686,0,0,PC 24234,15.824922208964164,S,0,Unknown
766,0,3,Mr. Patrick Murphy,male,22.139204320417637,0,2,PC 85172,10.338968300007217,S,0,Unknown
767,0,3,Mr. Patrick Murphy,male,40.0458397413257,0,0,PC 13376,4.691873966033102,S,0,Unknown
768,0,3,Mr. Olaf Dahl,male,11.685950186365526,0,0,PC 40783,13.580776777409683,S,0,Unknown
769,0,2,Mr. Thomas Byles,male,25.598539624234085,0,0,PC 51249,2.597719502467304,Q,0,Unknown
770,0,3,Mr. Olaf Dahl,male,32.34386108591251,0,0,PC 53025,14.577350262161016,S,0,Unknown
771,1,1,Col. John Weir,male,29.73278741909264,0,0,PC 26447,27.979819691455884,C,0,Unknown
772,1,3,Mrs. Anna Sage,female,18.964438081456784,1,0,PC 95865,0.0033286060857153,S,0,Unknown
773,0,1,Major Fortescue,male,29.343990111089028,0,0,PC 26713,11.402704443084758,S,0,Unknown
774,0,2,Mrs. Ethel Beane,female,15.904962269382407,0,0,PC 14858,56.14439975473218,S,1,C
775,1,3,Miss. Dagmar Bryhl,female,57.78157548508596,0,1,PC 61115,27.67504355105291,S,0,Unknown
776,0,1,Col. John Weir,male,29.45532337717336,4,0,PC 95008,22.349278342515326,C,0,Unknown
777,1,1,Mrs. Eleanor Fortune,female,35.10531860153294,0,0,PC 69834,126.56738199869248,S,0,Unknown
778,0,3,Mr. Ali Hassan,male,13.54085754442054,1,1,PC 92060,12.849951293668392,S,0,Unknown
779,1,3,Mrs. Leah Rosen,female,21.284472929726228,0,2,PC 14539,48.45935262067035,S,1,D
780,0,3,Mr. Olaf Dahl,male,36.84106827210435,0,0,PC 73983,6.408519820265131,Q,0,Unknown
781,0,3,Mrs. Anna Sage,female,43.7621457069616,0,0,PC 28857,15.6729253008808,S,0,Unknown
782,0,3,Mrs. Leah Rosen,female,27.826502137492653,0,0,PC 15364,0.89932146331764,S,0,Unknown
783,1,2,Miss. Kate Buss,female,14.203400522024118,2,0,PC 75985,10.445027066023064,S,1,B
784,1,2,Mrs. Ada Clarke,female,35.034443452759525,3,0,PC 69169,68.70711205669375,S,0,Unknown
785,0,1,Mr. William Sloper,male,23.723871237075222,0,1,PC 96366,65.04252297925538,S,0,Unknown
786,0,3,Mr. Mustafa Ozkan,male,12.50276687620251,0,0,PC 31078,4.651261586497875,C,0,Unknown
787,0,3,Mr. Ali Hassan,male,11.225038759899288,2,1,PC 47574,1.7555362425207983,S,0,Unknown
788,1,2,Mr. Thomas Byles,male,20.94840287120445,0,1,PC 10869,25.167135503506906,S,0,Unknown
789,0,3,Mrs. Bridget OBrien,female,44.42377903006185,0,2,PC 72624,14.182679225270418,S,1,C
790,1,3,Mr. Mustafa Ozkan,male,46.63001219136049,0,0,PC 50075,6.415806051832609,S,0,Unknown
791,1,1,Miss. Charlotte Cardeza,female,31.829849006451955,0,2,PC 13659,228.22851785115293,S,0,Unknown
792,0,3,Mr. Olaf Dahl,male,29.843532548220768,0,0,PC 46370,0.3076061780316291,Q,0,Unknown
793,0,3,Mrs. Bridget OBrien,female,23.516177569306585,0,0,PC 68185,4.959522374445719,C,0,Unknown
794,0,3,Mr. Mustafa Ozkan,male,29.843532548220768,0,0,PC 89921,34.786867201615166,C,0,Unknown
795,0,1,Miss. Charlotte Cardeza,female,44.886778644202366,0,0,PC 53751,32.51128208723341,C,0,Unknown
796,1,3,Mrs. Bridget OBrien,female,33.48852162886154,0,0,PC 72758,3.982458087116208,S,0,Unknown
797,0,3,Mr. Ali Hassan,male,18.576747429395603,0,0,PC 94873,10.467385530234356,S,0,Unknown
798,0,3,Mr. Olaf Dahl,male,49.7393823097308,1,0,PC 15131,23.78519330854341,S,1,C
799,0,3,Mrs. Leah Rosen,female,15.419071199936267,0,0,PC 11358,1.4914236936040897,S,0,Unknown
800,1,3,Mr. Patrick Murphy,male,45.57610011429578,0,0,PC 67371,39.25142343870523,S,0,Unknown
801,0,3,Mr. Ali Hassan,male,11.012101207938596,2,0,PC 92307,21.71588206986601,S,0,Unknown
802,0,1,Dr. Arthur Jackson,male,76.2646147989992,1,1,PC 89139,16.79805154916759,S,1,E
803,0,3,Mr. Olaf Dahl,male,13.827299842894725,0,0,PC 26246,17.054067459200972,C,0,Unknown
804,0,3,Mr. Johan Larsson,male,46.69668920886176,0,0,PC 27216,6.65910277198598,C,0,Unknown
805,0,2,Mr. George Harris,male,20.66474857150121,1,0,PC 51209,10.65340857716569,Q,0,Unknown
806,0,3,Mr. Patrick Murphy,male,36.749224880698605,1,0,PC 52987,20.949980422996312,S,0,Unknown
807,0,3,Mr. Ali Hassan,male,57.96007452685781,3,0,PC 30577,45.08722352434494,S,0,Unknown
808,1,3,Mrs. Leah Rosen,female,24.73779760178079,1,0,PC 52320,1.8553308794160224,S,0,Unknown
809,0,3,Mr. Patrick Murphy,male,73.06451997084524,0,2,PC 21301,7.477657027158441,S,0,Unknown
810,1,1,Mrs. Margaret Brown,female,27.411824508686,0,0,PC 85051,55.0820670654887,S,0,Unknown
811,0,3,Mr. Johan Larsson,male,12.908852757761862,0,0,PC 10891,6.467834967678867,S,0,Unknown
812,0,3,Mr. Olaf Dahl,male,27.97749811635444,0,0,PC 31972,6.1825711405885455,S,0,Unknown
813,0,1,Col. John Weir,male,25.148882588616928,0,1,PC 60457,4.509474605548793,S,0,Unknown
814,0,3,Mr. Patrick Murphy,male,28.83996302336593,0,0,PC 64435,15.849447940607478,S,0,Unknown
815,0,3,Mr. Mustafa Ozkan,male,23.587042297982773,0,0,PC 30932,7.851213425941204,S,1,B
816,0,3,Mr. Johan Larsson,male,17.964211167558886,1,0,PC 14192,2.968199373537262,S,0,Unknown
817,0,3,Mr. Patrick Murphy,male,27.2060849668124,0,0,PC 26128,23.194122134815256,S,0,Unknown
818,0,2,Mr. Charles Aldworth,male,36.20159178204907,0,0,PC 32836,33.58211357993247,S,1,E
819,1,1,Miss. Bishop,female,6.436127917819763,0,0,PC 34837,55.968715008298126,S,0,Unknown
820,0,2,Mr. Charles Aldworth,male,41.97204196054736,0,0,PC 32778,7.337405805039066,S,0,Unknown
821,0,3,Mr. Johan Larsson,male,29.843532548220768,1,0,PC 53130,13.924231305505016,C,0,Unknown
822,1,1,Miss. Bishop,female,53.45366617503032,1,0,PC 26708,28.550849396692296,C,0,Unknown
823,0,2,Mr. Henry Reg,male,22.689510812939588,5,0,PC 34232,5.5723959063990005,S,0,Unknown
824,0,2,Mr. Henry Reg,male,21.21905787125371,0,0,PC 67266,27.142694185028613,S,0,Unknown
825,0,3,Mrs. Anna Sage,female,27.826502137492653,0,0,PC 49412,0.5639035531964243,S,0,Unknown
826,0,3,Mr. Mustafa Ozkan,male,35.33399756895205,0,2,PC 14782,1.3640341280063568,S,0,Unknown
827,1,2,Miss. Nora Keane,female,10.315798020475157,0,1,PC 71196,0.1409942924404842,S,0,Unknown
828,1,2,Miss. Nora Keane,female,19.61398607087548,1,0,PC 36315,3.4359414652687104,S,0,Unknown
829,0,3,Mr. Johan Larsson,male,30.67332378846826,1,0,PC 20052,0.9793481987276392,S,1,A
830,0,3,Mr. Patrick Murphy,male,29.843532548220768,1,0,PC 29521,74.98331497608308,S,0,Unknown
831,0,1,Col. John Weir,male,29.2377944820834,0,0,PC 79434,28.628511523611618,S,1,E
832,0,3,Mr. Ali Hassan,male,49.14899259296251,1,0,PC 92755,2.214716497711162,S,0,Unknown
833,0,1,Major Fortescue,male,46.29484886597354,0,2,PC 79690,23.162879999448357,C,0,Unknown
834,1,1,Mrs. Eleanor Fortune,female,27.411824508686,1,0,PC 45546,228.22851785115293,S,0,Unknown
835,0,3,Mr. Johan Larsson,male,43.054317719144414,0,0,PC 89345,10.059951494157678,S,0,Unknown
836,0,2,Mr. George Harris,male,34.68889904618008,0,0,PC 35972,9.394567873116944,Q,0,Unknown
837,1,3,Miss. Mary Kelly,female,30.658654807271795,0,0,PC 88059,28.31317758913941,Q,0,Unknown
838,1,2,Mrs. Ethel Beane,female,29.930379863891222,2,0,PC 74385,10.401972304409806,S,0,Unknown
839,0,3,Mr. Mustafa Ozkan,male,23.542982279192824,0,0,PC 32030,5.589341420223413,S,0,Unknown
840,1,3,Mr. Olaf Dahl,male,24.565266378632582,0,0,PC 50376,3.182350961923019,S,0,Unknown
841,0,1,Dr. Arthur Jackson,male,34.260255979791765,1,1,PC 95641,39.85704155311354,S,1,D
842,1,3,Mr. Ali Hassan,male,28.00241951988169,0,0,PC 99831,5.2169378430845486,C,0,Unknown
843,0,1,Major Fortescue,male,45.71807266334025,0,2,PC 87400,95.00773373986364,Q,0,Unknown
844,1,3,Mr. Johan Larsson,male,39.56780275190527,0,1,PC 88412,4.6840675612604175,S,1,A
845,1,1,Lady Duff-Gordon,female,27.411824508686,0,0,PC 28055,72.31185571922013,S,0,Unknown
846,0,2,Mr. Henry Reg,male,35.899112950825995,1,1,PC 97508,1.4109822230903122,S,0,Unknown
847,0,1,Dr. Arthur Jackson,male,29.343990111089028,1,0,PC 35493,17.8343634551299,S,0,Unknown
848,0,3,Mr. Olaf Dahl,male,39.05299816730519,0,2,PC 84861,7.168450192728154,C,0,Unknown
849,0,3,Mr. Patrick Murphy,male,44.01090388115989,4,0,PC 46775,37.86427075139675,C,0,Unknown
850,1,3,Mrs. Leah Rosen,female,33.24838059016281,0,0,PC 61057,6.48850239452654,S,1,G
851,1,1,Mrs. Eleanor Fortune,female,27.411824508686,0,0,PC 95909,91.63263834173055,S,0,Unknown
852,0,3,Mrs. Bridget OBrien,female,28.288783040020945,0,0,PC 46253,4.034487580092996,S,1,D
853,1,1,Col. John Weir,male,13.01210109710183,0,4,PC 96717,11.412087483937912,S,0,Unknown
854,0,3,Mr. Ali Hassan,male,29.843532548220768,0,0,PC 61884,0.826381340317504,C,1,C
855,1,1,Capt. Edward Smith,male,29.343990111089028,2,0,PC 86497,30.612840082393323,S,0,Unknown
856,1,1,Mr. William Sloper,male,29.343990111089028,1,0,PC 27705,14.412112239210192,S,0,Unknown
857,1,1,Col. John Weir,male,20.515030702894222,0,2,PC 54676,16.058544975571543,S,0,Unknown
858,1,3,Mrs. Leah Rosen,female,49.234132709502674,0,0,PC 89045,19.59490663630236,C,1,F
859,0,3,Mr. Patrick Murphy,male,19.946489642699348,1,0,PC 17101,0.218718217865509,S,0,Unknown
860,0,1,Col. John Weir,male,29.343990111089028,2,0,PC 72495,68.54533638651998,C,0,Unknown
861,0,3,Mr. Ali Hassan,male,15.521727203865712,1,0,PC 14743,6.537193888294026,C,0,Unknown
862,0,3,Mr. Olaf Dahl,male,24.38311329000681,0,0,PC 18951,9.676772267849389,Q,0,Unknown
863,0,3,Mr. Olaf Dahl,male,22.5177169146252,1,0,PC 17014,11.33584149997543,S,0,Unknown
864,1,2,Miss. Kate Buss,female,23.388334771176915,0,0,PC 46180,7.782296395122325,S,0,Unknown
865,0,2,Miss. Kate Buss,female,29.930379863891222,0,0,PC 66977,7.239036323820708,S,0,Unknown
866,1,3,Mrs. Bridget OBrien,female,27.826502137492653,0,0,PC 69534,18.11157546962287,S,0,Unknown
867,0,1,Capt. Edward Smith,male,29.343990111089028,0,0,PC 73209,172.2077597424158,S,0,Unknown
868,0,1,Major Fortescue,male,15.720084280882697,0,0,PC 51908,17.968719033169638,S,0,Unknown
869,0,3,Mr. Mustafa Ozkan,male,29.843532548220768,0,1,PC 60918,1.40723917634761,S,0,Unknown
870,0,3,Mr. Olaf Dahl,male,16.50956011940619,0,2,PC 18219,31.24672119130305,C,0,Unknown
871,1,2,Mrs. Esther Hart,female,28.378910683436292,1,0,PC 17163,8.913877550017615,S,0,Unknown
872,0,2,Mr. Charles Aldworth,male,26.362285312121884,0,0,PC 12470,16.589798159962974,S,0,Unknown
873,0,3,Mr. Mustafa Ozkan,male,32.65153927360812,0,0,PC 26543,6.104357232235752,C,1,C
874,0,2,Rev. Robert Bateman,male,39.97843673021934,0,0,PC 29276,2.7830895205717083,C,0,Unknown
875,1,1,Capt. Edward Smith,male,22.830370078745176,3,0,PC 46881,74.75742222787851,C,0,Unknown
876,1,1,Mrs. Eleanor Fortune,female,27.411824508686,0,0,PC 88950,62.55791211285398,C,0,Unknown
877,0,3,Mr. Johan Larsson,male,45.72907432158013,0,0,PC 17749,3.1084275090483326,Q,0,Unknown
878,0,3,Mr. Patrick Murphy,male,25.44153428266804,0,2,PC 34182,8.23700239829146,S,0,Unknown
879,0,1,Col. John Weir,male,58.54859840208458,1,0,PC 87450,133.92042152694682,S,0,Unknown
880,1,1,Mr. William Sloper,male,32.62623592238395,8,0,PC 90543,74.98158658857915,S,1,G
881,1,1,Mrs. Eleanor Fortune,female,23.88855340748376,0,0,PC 31383,8.563058794102288,S,1,D
882,1,3,Miss. Dagmar Bryhl,female,29.19747870061936,0,0,PC 88578,10.879453049156597,S,0,Unknown
883,1,1,Miss. Charlotte Cardeza,female,58.54898967373029,1,0,PC 35412,101.90396000304268,S,0,Unknown
884,1,1,Lady Duff-Gordon,female,33.20253224738331,0,0,PC 23181,132.18279386860672,S,0,Unknown
885,0,3,Mr. Ali Hassan,male,29.843532548220768,0,0,PC 54898,13.58862160502868,S,0,Unknown
886,1,1,Miss. Charlotte Cardeza,female,34.58988466377294,0,0,PC 69630,13.914690885563592,S,0,Unknown
887,0,3,Mr. Johan Larsson,male,41.9910296852139,0,2,PC 13405,16.9670664761596,C,1,G
888,0,1,Major Fortescue,male,32.95057923831493,0,0,PC 20862,95.01759650928147,S,1,D
889,1,1,Miss. Charlotte Cardeza,female,36.646578784950215,0,0,PC 64679,2.0773341380171315,C,0,Unknown
890,0,2,Mr. Henry Reg,male,28.95323621462884,1,0,PC 38688,10.983405228170827,S,0,Unknown
891,1,3,Miss. Dagmar Bryhl,female,27.826502137492653,2,0,PC 58017,5.547001817156528,Q,0,Unknown
