PassengerId,Survived,Pclass,Name,Sex,Age,SibSp,Parch,Ticket,Fare,Cabin,Embarked
1,1,2,Miss. Kate Buss,female,30.567086470510347,1,0,PC 69315,3.8181664803227453,,S
2,1,3,Miss. Dagmar Bryhl,female,26.122416983957628,0,1,PC 34642,19.57804105110439,,S
3,0,3,Mr. Patrick Murphy,male,10.933638353608853,0,0,PC 89003,57.47136446514858,,S
4,1,3,Miss. Mary Kelly,female,29.57115904880932,0,0,PC 10205,39.93012964718174,,S
5,1,1,Mr. William Sloper,male,12.517739991314013,0,0,PC 22442,18.440740675120118,D149,S
6,0,1,Major Fortescue,male,,4,2,PC 15691,174.9175420663906,B45,S
7,1,1,Mrs. Margaret Brown,female,,1,1,PC 48909,102.4014522200897,,Q
8,0,3,Mr. Ali Hassan,male,5.833553490043325,0,0,PC 29504,8.286517939442831,,S
9,0,3,Mr. Patrick Murphy,male,27.00906451527083,0,1,PC 74270,10.656653516809426,,C
10,0,3,Mr. Johan Larsson,male,28.19512292895071,0,0,PC 68051,25.954075023525487,C14,S
11,0,1,Col. John Weir,male,63.144237433126804,1,2,PC 48798,54.951624032507866,,S
12,0,3,Mr. Ali Hassan,male,30.898414473541983,1,0,PC 59330,6.399811496312208,,S
13,0,3,Mr. Johan Larsson,male,29.59453265135896,0,2,PC 97087,9.31233588706253,,S
14,0,1,Dr. Arthur Jackson,male,53.230019544187584,0,0,PC 88919,72.69618854103767,B14,S
15,1,1,Mrs. Margaret Brown,female,25.030735526818237,0,0,PC 92032,17.604970328617444,,S
16,1,1,Miss. Bishop,female,30.566286497677396,0,0,PC 51716,194.1831230136872,,S
17,0,2,Mr. Charles Aldworth,male,42.73453326769159,2,0,PC 84624,23.213632562854134,,S
18,0,3,Mr. Johan Larsson,male,,0,0,PC 56982,13.74283228697905,,S
19,1,2,Mr. George Harris,male,42.86896210050405,0,0,PC 37444,2.1693791179095165,,S
20,0,2,Mr. Henry Reg,male,13.882162079713451,0,0,PC 34734,19.18435432202959,G9,S
21,0,3,Mr. Patrick Murphy,male,,0,0,PC 51745,1.7662811233431581,,
22,0,1,Major Fortescue,male,37.72296852153137,4,0,PC 44571,6.885231315864697,,S
23,0,2,Mr. Charles Aldworth,male,23.176453682206944,0,0,PC 25389,15.510869998930623,F122,S
24,0,2,Rev. Robert Bateman,male,25.735740245745777,0,2,PC 94218,10.670415106402642,,S
25,0,3,Mr. Olaf Dahl,male,55.73299002402466,0,0,PC 55038,12.175197414631016,,C
26,0,3,Mr. Mustafa Ozkan,male,26.628884242332518,1,0,PC 82795,1.2803510934605062,,S
27,1,1,Miss. Charlotte Cardeza,female,,0,0,PC 55168,47.36298661699846,,C
28,0,3,Mrs. Leah Rosen,female,28.674499041518693,1,0,PC 88082,2.631953564133597,,S
29,0,3,Mr. Ali Hassan,male,20.264776106586673,0,0,PC 77690,59.602324409366666,,Q
30,1,1,Lady Duff-Gordon,female,20.944290367709282,0,0,PC 84302,69.18223989738864,D137,C
31,0,3,Mr. Patrick Murphy,male,33.412929912768114,0,0,PC 21230,15.932398357579707,,C
32,1,1,Lady Duff-Gordon,female,50.59781916897358,0,2,PC 93301,33.06764624292465,,S
33,1,1,Mrs. Eleanor Fortune,female,14.319591882237379,0,0,PC 15902,8.36067833424498,,S
34,1,3,Mr. Patrick Murphy,male,53.839734484724524,0,0,PC 76758,51.02339163202277,,S
35,0,3,Mr. Johan Larsson,male,37.11832703639762,1,0,PC 37050,4.620121926581987,E44,S
36,0,3,Mr. Johan Larsson,male,25.04188151093316,1,0,PC 84586,7.5530108676320395,,C
37,0,2,Rev. Robert Bateman,male,32.49971616188419,0,1,PC 79110,21.72327148193553,B87,S
38,0,1,Dr. Arthur Jackson,male,36.8282887411002,0,0,PC 86693,2.1006209495507635,,S
39,0,3,Mr. Johan Larsson,male,16.12321812104313,0,0,PC 29575,22.77071496069274,,S
40,0,2,Rev. Robert Bateman,male,26.028494329084467,0,0,PC 68940,15.920734381741292,B56,S
41,1,1,Lady Duff-Gordon,female,,1,0,PC 50244,27.38660387041852,,S
42,1,3,Mrs. Bridget OBrien,female,11.767833139435027,0,0,PC 93481,0.8711486288273431,,C
43,1,1,Mr. William Sloper,male,40.385098066420106,0,1,PC 24962,14.895898358366688,A14,S
44,0,3,Mr. Olaf Dahl,male,20.733227298589505,1,1,PC 87332,30.881409011550087,,S
45,0,2,Mr. Thomas Byles,male,,1,2,PC 34450,23.979696456488888,,S
46,1,3,Mr. Olaf Dahl,male,26.937491761066457,0,1,PC 63494,3.9394492921003765,,S
47,1,2,Miss. Nora Keane,female,34.2153529389864,0,0,PC 55037,1.4045257510272424,,S
48,0,3,Mr. Ali Hassan,male,33.090607209374916,0,0,PC 93040,16.072426707328265,,S
49,1,3,Mr. Johan Larsson,male,,0,1,PC 40041,11.63931680443882,,S
50,0,1,Dr. Arthur Jackson,male,,1,1,PC 20715,43.54448090059028,,S
51,0,3,Mr. Olaf Dahl,male,,1,1,PC 31803,6.191659833342674,,C
52,1,3,Mrs. Anna Sage,female,30.08539082527925,1,0,PC 78906,3.348080194061128,,S
53,1,3,Mrs. Bridget OBrien,female,35.73122804296243,0,0,PC 71726,15.172548710546621,,Q
54,0,3,Mr. Mustafa Ozkan,male,21.122757626247544,1,1,PC 11908,48.34835704148011,,C
55,0,3,Mr. Patrick Murphy,male,,0,0,PC 47075,2.6473774966122283,,C
56,0,3,Mr. Patrick Murphy,male,36.089011405491064,0,2,PC 74587,12.454781498887288,E27,S
57,1,1,Miss. Charlotte Cardeza,female,26.91405183026176,0,0,PC 63648,46.365391568464936,,Q
58,1,1,Mrs. Margaret Brown,female,14.778675018925078,0,0,PC 31134,49.714101836173114,,C
59,0,1,Col. John Weir,male,50.204202829603176,1,0,PC 66143,24.63107847600402,,C
60,0,2,Rev. Robert Bateman,male,46.162989023635504,0,1,PC 79123,36.095424629790514,,S
61,1,2,Mrs. Ada Clarke,female,,0,0,PC 55153,13.74655577933684,,C
62,0,2,Mr. George Harris,male,,0,0,PC 12413,16.22797949075775,,Q
63,1,3,Mrs. Leah Rosen,female,36.80591904596119,0,6,PC 32555,4.979942906301428,,S
64,0,2,Mr. Charles Aldworth,male,25.395959044514484,0,0,PC 20952,4.1536375788999305,,S
65,0,2,Rev. Robert Bateman,male,,0,1,PC 78993,1.8594120439978996,,Q
66,0,3,Mr. Johan Larsson,male,,1,0,PC 84000,17.154867803125377,,S
67,1,1,Col. John Weir,male,,0,1,PC 76686,18.349585581695,,S
68,0,3,Mr. Patrick Murphy,male,18.14112456220157,0,0,PC 42264,16.048537420390208,,S
69,1,1,Mrs. Margaret Brown,female,18.89630763079245,0,2,PC 57553,41.5727455064648,,Q
70,0,3,Mr. Patrick Murphy,male,32.627701148317584,1,2,PC 64359,7.3633219536437515,,S
71,1,3,Mr. Ali Hassan,male,13.941772467858119,0,0,PC 19808,8.676587862641899,,S
72,1,1,Dr. Arthur Jackson,male,11.936325390187136,0,0,PC 62330,38.50600066722861,,S
73,1,1,Dr. Arthur Jackson,male,29.323202396082266,0,0,PC 48345,8.90816779557747,A81,C
74,0,3,Mr. Ali Hassan,male,36.329614238580305,0,0,PC 79617,5.076263945743805,,S
75,0,3,Mr. Olaf Dahl,male,33.60590679424291,0,1,PC 49222,14.930997583344025,G48,C
76,0,3,Miss. Mary Kelly,female,,1,0,PC 67755,15.014775158474752,A108,Q
77,0,3,Mr. Patrick Murphy,male,19.76789664468341,0,0,PC 18933,4.619455348634441,D97,S
78,1,1,Dr. Arthur Jackson,male,20.94534639946029,0,0,PC 78207,51.77560135997379,,S
79,0,2,Mr. Charles Aldworth,male,12.510527630748001,1,1,PC 53739,4.450209169519718,,S
80,1,1,Mrs. Margaret Brown,female,28.424353633048042,0,2,PC 57738,19.840248434969094,G134,S
81,0,3,Miss. Dagmar Bryhl,female,30.86502753065428,0,0,PC 94544,0.31944050300693494,D109,S
82,1,3,Miss. Mary Kelly,female,25.61597423897435,0,0,PC 31883,31.106790268841632,,C
83,1,2,Mr. Charles Aldworth,male,12.404948857836477,0,0,PC 53401,4.897977004400392,C51,C
84,1,1,Capt. Edward Smith,male,62.377878311569646,0,0,PC 25380,21.686038484146696,,S
85,0,2,Mr. Henry Reg,male,18.807308888602787,0,0,PC 28212,6.788578545301608,,S
86,0,2,Mr. Charles Aldworth,male,42.3410602342249,1,0,PC 38174,2.8211464579929024,,S
87,0,3,Mr. Mustafa Ozkan,male,,3,0,PC 16861,13.968599380270149,,S
88,0,3,Mr. Patrick Murphy,male,23.06714590761287,0,0,PC 16094,1.0701905342242564,D81,S
89,0,3,Mr. Olaf Dahl,male,33.64325693229949,0,0,PC 61319,1.9742268055145122,,C
90,0,3,Mr. Johan Larsson,male,,0,0,PC 56728,14.178848523775718,B34,Q
91,1,1,Miss. Charlotte Cardeza,female,23.516294773425464,1,0,PC 34363,34.86011463742803,,S
92,0,3,Mr. Ali Hassan,male,34.15640132798435,0,0,PC 97846,16.86227259281224,B5,C
93,0,3,Mr. Ali Hassan,male,28.14465957331526,0,0,PC 49300,11.16748321819399,,S
94,1,3,Mrs. Leah Rosen,female,38.2419460427852,1,0,PC 64808,4.051675030689079,,C
95,0,3,Mr. Mustafa Ozkan,male,22.243837897945543,1,0,PC 15943,14.415009846069502,,S
96,1,3,Mrs. Bridget OBrien,female,,1,0,PC 90105,1.6934276459665654,,S
97,0,3,Mr. Johan Larsson,male,17.382835618158822,0,2,PC 52616,10.53195123231349,,Q
98,0,2,Mr. Thomas Byles,male,33.84327718129197,1,0,PC 84329,11.897092114091274,D108,S
99,1,1,Mrs. Margaret Brown,female,21.21175390314537,1,0,PC 35287,26.191374624480947,,C
100,1,1,Mrs. Eleanor Fortune,female,,0,0,PC 43971,77.81370982237353,A148,S
101,1,1,Mrs. Eleanor Fortune,female,,0,0,PC 66152,172.2447057403648,,S
102,0,3,Mr. Johan Larsson,male,19.548459187708733,0,0,PC 52351,93.38915667126027,,S
103,0,2,Mr. Henry Reg,male,16.721534009333507,3,0,PC 70040,19.372890717591133,,S
104,0,3,Mr. Johan Larsson,male,46.928552176774275,0,0,PC 98559,7.106185434039751,A100,S
105,0,3,Mr. Johan Larsson,male,40.039070140965855,0,0,PC 70616,3.4956853065288565,G59,S
106,1,2,Mrs. Ethel Beane,female,16.36468890427258,0,0,PC 33897,6.151803375528492,,S
107,0,2,Mr. Thomas Byles,male,15.16324263520455,1,0,PC 33010,13.51459317529117,G11,S
108,1,3,Miss. Dagmar Bryhl,female,22.447959222884144,0,0,PC 50154,6.2708141379236135,,S
109,0,1,Capt. Edward Smith,male,15.710696069167476,0,0,PC 30114,205.90530168042073,,S
110,0,1,Col. John Weir,male,,0,0,PC 29050,38.58401452639483,,Q
111,0,2,Mr. George Harris,male,11.098891675732258,1,1,PC 31125,9.677623979655866,,S
112,1,1,Lady Duff-Gordon,female,,0,0,PC 60396,40.63524689145286,,S
113,1,3,Miss. Mary Kelly,female,33.26486172350679,0,0,PC 54846,24.819985732132576,,S
114,1,3,Mrs. Bridget OBrien,female,36.03358402132102,1,2,PC 30396,14.413455038649056,D63,S
115,1,3,Mrs. Bridget OBrien,female,29.38726504875728,0,0,PC 98116,13.047269545531574,,S
116,0,3,Mrs. Bridget OBrien,female,,1,0,PC 48973,5.57152120363796,,S
117,0,3,Miss. Mary Kelly,female,39.58638745532648,0,0,PC 33574,23.334144544665925,,S
118,1,1,Capt. Edward Smith,male,,0,1,PC 23869,3.2860072662929327,,S
119,0,3,Mr. Johan Larsson,male,17.345150777212574,0,2,PC 76194,28.035293686649407,G46,C
120,0,3,Mr. Olaf Dahl,male,,0,0,PC 72167,9.849994968652101,,S
121,1,3,Miss. Mary Kelly,female,,1,0,PC 66147,6.958416218889567,,S
122,0,3,Mrs. Leah Rosen,female,44.592593916232445,0,0,PC 22122,9.4187189042042,,S
123,0,2,Rev. Robert Bateman,male,,1,0,PC 53827,22.787831138200595,,C
124,1,1,Mrs. Eleanor Fortune,female,21.611842690982826,0,0,PC 23335,1.0791987934242824,,S
125,1,1,Miss. Charlotte Cardeza,female,35.59896670255908,0,0,PC 73576,172.38732069721925,,S
126,0,2,Mr. Henry Reg,male,,0,0,PC 31677,12.252875801427392,,S
127,0,3,Mr. Olaf Dahl,male,41.9949837178977,4,1,PC 38223,5.754278143363597,,S
128,0,3,Mrs. Leah Rosen,female,7.035322111074461,0,0,PC 39814,2.0383535112706386,F36,S
129,0,1,Col. John Weir,male,27.04066654929929,0,0,PC 93611,48.624598010744414,G85,C
130,1,3,Mrs. Leah Rosen,female,,0,0,PC 53185,9.395729003360476,G90,S
131,1,2,Rev. Robert Bateman,male,51.20453081242789,0,1,PC 86794,10.70028525667309,,S
132,1,1,Mrs. Margaret Brown,female,,0,0,PC 85675,95.3614887416815,,S
133,1,1,Mrs. Margaret Brown,female,34.31817322024105,1,0,PC 52325,45.88702528780677,G58,S
134,1,2,Mrs. Esther Hart,female,30.57965454895384,0,0,PC 50503,67.37764076073312,F106,S
135,1,3,Mr. Olaf Dahl,male,48.823874817683475,1,0,PC 29514,12.528460332551099,B94,S
136,1,2,Mrs. Ethel Beane,female,58.81833184134433,0,2,PC 66196,34.10417139493449,,S
137,0,3,Mrs. Leah Rosen,female,28.520831253453352,0,0,PC 30917,1.5866021187626511,,S
138,0,3,Mr. Mustafa Ozkan,male,31.278102769585246,1,0,PC 64699,6.936601424359072,B141,S
139,1,2,Miss. Kate Buss,female,,0,0,PC 60119,8.502537501449634,,S
140,0,3,Mr. Olaf Dahl,male,15.872783381239646,3,0,PC 93324,11.545908526080872,,S
141,0,3,Mr. Ali Hassan,male,16.823776291942668,0,1,PC 35061,27.04514767742126,,S
142,0,2,Mr. Thomas Byles,male,20.398169655061604,2,0,PC 19947,1.6886429326641983,G121,S
143,0,3,Mr. Ali Hassan,male,39.24710035104602,0,0,PC 91080,1.0322009158617589,C84,S
144,0,2,Mr. George Harris,male,28.913786632193425,0,0,PC 95550,39.31427391025172,,S
145,1,2,Miss. Nora Keane,female,,0,0,PC 90331,4.954266809080428,A63,S
146,0,1,Capt. Edward Smith,male,47.52372300802013,0,2,PC 42632,92.81090502466633,G32,Q
147,1,3,Mrs. Bridget OBrien,female,,0,0,PC 29352,10.724431991349078,D82,S
148,0,3,Mr. Mustafa Ozkan,male,20.024633781141002,0,1,PC 33653,24.51100582946208,,S
149,0,1,Col. John Weir,male,26.081196805729554,0,1,PC 77115,11.225172758427483,,C
150,0,2,Mr. Charles Aldworth,male,58.69342948348561,0,0,PC 53755,2.8775615187904946,,C
151,1,3,Miss. Dagmar Bryhl,female,20.313908857914,1,0,PC 81988,11.14872532308222,A1,S
152,0,1,Major Fortescue,male,35.614675449808146,0,0,PC 47921,245.76787468378276,,C
153,1,1,Mr. William Sloper,male,,0,0,PC 69003,45.03572639267163,E32,S
154,1,3,Miss. Dagmar Bryhl,female,15.273918769153909,0,0,PC 90876,5.424157713959533,C4,S
155,0,3,Mr. Olaf Dahl,male,,0,0,PC 56668,12.784229708841574,E98,S
156,0,2,Mr. Charles Aldworth,male,24.356453772890248,0,0,PC 65175,55.179767252440854,,S
157,0,3,Mr. Johan Larsson,male,21.698359142981943,0,0,PC 57738,24.84580533035662,,S
158,0,3,Mrs. Bridget OBrien,female,,2,0,PC 63452,73.98058141648772,,S
159,0,1,Col. John Weir,male,29.016226353512693,1,0,PC 78323,1.9174807199467538,,Q
160,0,3,Miss. Dagmar Bryhl,female,52.5571399975578,0,0,PC 56149,1.6405802391048816,,C
161,0,2,Mr. Henry Reg,male,20.77862086500661,0,0,PC 25839,19.463066550867854,,C
162,1,3,Mrs. Anna Sage,female,15.95178556580445,0,1,PC 12155,23.536682304434212,,C
163,1,3,Miss. Mary Kelly,female,,0,0,PC 17019,4.600659090943733,,Q
164,1,3,Mrs. Anna Sage,female,,1,1,PC 64512,3.745570985874435,A4,S
165,0,1,Capt. Edward Smith,male,26.372963220532704,0,0,PC 71690,129.89335815104087,,S
166,0,3,Miss. Dagmar Bryhl,female,29.150552443708392,0,0,PC 96150,0.7950617019436027,,S
167,0,2,Mr. Henry Reg,male,,0,0,PC 36190,9.543859509196505,,C
168,0,1,Capt. Edward Smith,male,26.933062502117384,0,0,PC 20928,59.20602636998051,,S
169,0,1,Capt. Edward Smith,male,,1,0,PC 58425,69.02895786553304,,C
170,0,3,Miss. Mary Kelly,female,52.26154883366375,0,0,PC 84134,17.86777810373876,,S
171,1,3,Mrs. Leah Rosen,female,47.486407336703074,1,0,PC 96117,6.0042414916164315,,S
172,1,1,Miss. Bishop,female,46.428104440268896,5,0,PC 58974,79.67528281236955,,C
173,1,3,Mr. Ali Hassan,male,43.30096357307899,0,0,PC 57796,12.061230679320289,,S
174,1,1,Major Fortescue,male,37.38617920368504,1,2,PC 58743,66.630826482679,,S
175,1,3,Miss. Mary Kelly,female,,0,0,PC 89455,14.015026436718827,,S
176,0,1,Col. John Weir,male,,4,0,PC 80035,25.230324526130072,,S
177,0,3,Mr. Patrick Murphy,male,31.743063852792247,4,0,PC 47677,1.211729537609061,,S
178,0,2,Mr. Charles Aldworth,male,18.222417172988685,1,0,PC 66321,2.6290256160891383,,S
179,0,3,Mr. Ali Hassan,male,56.22472315610146,0,1,PC 68973,3.484643411286563,,S
180,0,1,Major Fortescue,male,23.97047541601936,1,0,PC 62414,58.25762291858408,D7,S
181,0,2,Rev. Robert Bateman,male,11.787946461487895,0,2,PC 35602,37.99179655151832,,C
182,0,1,Capt. Edward Smith,male,,1,0,PC 39692,101.49663420803586,,S
183,0,3,Mr. Ali Hassan,male,33.810893543000965,1,0,PC 58750,21.31842753371326,E125,S
184,1,3,Miss. Dagmar Bryhl,female,18.22411731238424,0,2,PC 31760,5.922304548600343,,C
185,0,2,Mr. Henry Reg,male,26.212798892632588,0,2,PC 78456,10.735270384979438,,S
186,0,3,Mr. Mustafa Ozkan,male,11.92014703428794,0,0,PC 34085,6.8548017134986186,,C
187,0,3,Miss. Mary Kelly,female,,0,1,PC 73964,2.9185970741130527,F120,S
188,0,3,Mr. Patrick Murphy,male,28.205389352165167,0,0,PC 32925,0.8654366616434489,,S
189,0,3,Mrs. Anna Sage,female,26.890502903148864,1,1,PC 15615,12.245539389967917,E75,S
190,1,1,Miss. Bishop,female,39.82518102078602,2,0,PC 47083,380.4994284328478,,Q
191,0,1,Major Fortescue,male,,2,0,PC 78319,15.331446637536427,B18,C
192,0,3,Mr. Patrick Murphy,male,,0,0,PC 19605,0.654992970419437,C48,S
193,0,3,Mrs. Bridget OBrien,female,36.0253269550642,1,0,PC 54608,20.714417483387056,,S
194,1,3,Mrs. Anna Sage,female,19.886070372402553,1,0,PC 29192,3.9885637404252923,,C
195,0,2,Mr. Henry Reg,male,18.16454845117973,0,0,PC 13331,36.63618006598123,,S
196,0,2,Mr. Charles Aldworth,male,56.42353572766913,0,0,PC 61330,25.19566501584859,,C
197,1,3,Mr. Olaf Dahl,male,24.279308898106386,0,0,PC 59949,39.904590383684706,,S
198,1,3,Mrs. Bridget OBrien,female,33.626394517314424,1,0,PC 78382,7.203681235925011,,S
199,0,3,Mr. Patrick Murphy,male,34.28458021242548,0,0,PC 47586,14.859296124671598,,S
200,1,3,Miss. Mary Kelly,female,13.488311694264635,1,0,PC 62243,8.565474697254809,,S
201,0,3,Miss. Mary Kelly,female,30.766528527053964,0,0,PC 68618,13.643071215264516,,S
202,0,1,Mr. William Sloper,male,30.048449898135488,1,1,PC 88311,50.15707239762973,,Q
203,0,1,Col. John Weir,male,,0,0,PC 17549,17.558845139659216,G18,S
204,0,3,Mr. Olaf Dahl,male,,0,0,PC 62494,9.714232698268859,,S
205,0,3,Mr. Johan Larsson,male,39.155816618302026,0,0,PC 97973,10.302602416241486,,S
206,0,1,Capt. Edward Smith,male,39.87132857077755,0,0,PC 33958,139.7688109944038,,S
207,0,1,Major Fortescue,male,24.648441585347335,1,0,PC 99779,111.71935433580626,,C
208,1,3,Mrs. Bridget OBrien,female,,0,0,PC 47538,14.933330778307099,,C
209,1,1,Mr. William Sloper,male,19.354381367233792,0,1,PC 15833,10.10913135075236,,S
210,0,1,Dr. Arthur Jackson,male,11.84766735006613,0,0,PC 33386,107.11420773834034,B109,Q
211,1,3,Mrs. Leah Rosen,female,,0,0,PC 81778,9.504480210322551,,C
212,0,3,Mrs. Anna Sage,female,22.23845932496337,0,0,PC 34832,30.760002348759375,,C
213,1,3,Mrs. Leah Rosen,female,10.729564973263995,0,1,PC 87857,34.580397706989665,,S
214,1,1,Mrs. Margaret Brown,female,19.970983778427783,1,0,PC 48930,4.765829842988682,,C
215,1,3,Mr. Mustafa Ozkan,male,,0,0,PC 42407,23.541655563915683,,S
216,0,1,Dr. Arthur Jackson,male,,1,0,PC 14073,3.2278104441065225,D148,S
217,1,2,Miss. Kate Buss,female,23.402244258743472,8,0,PC 27667,9.471344281297789,C14,C
218,0,3,Mrs. Bridget OBrien,female,,0,0,PC 26035,10.707115509402382,,S
219,0,3,Mr. Olaf Dahl,male,22.090864939050917,0,0,PC 16732,2.1959328233744686,,S
220,0,3,Mrs. Anna Sage,female,,0,1,PC 65097,18.791704439488118,E144,C
221,1,3,Mr. Mustafa Ozkan,male,16.577964136673536,3,0,PC 13487,0.11494026449930361,,C
222,0,3,Mr. Ali Hassan,male,,1,0,PC 67702,2.5296105745279744,C68,S
223,0,1,Mr. William Sloper,male,32.49849164327052,0,0,PC 95107,73.02956502504308,,C
224,0,2,Mr. Henry Reg,male,29.31098243066132,1,0,PC 39075,25.939573632930813,,S
225,0,2,Mr. George Harris,male,,0,0,PC 81031,51.43171518718512,,S
226,0,2,Mr. George Harris,male,43.91561376607781,4,0,PC 94217,25.305023581359958,,C
227,0,3,Miss. Dagmar Bryhl,female,22.374886662822533,3,0,PC 24781,15.262744483365834,,S
228,0,2,Mr. Henry Reg,male,15.622006519241134,0,1,PC 49865,10.379774863456289,,S
229,0,3,Mr. Johan Larsson,male,13.785548855192243,0,0,PC 18469,0.017607940183381594,,S
230,0,3,Miss. Dagmar Bryhl,female,44.19452229524046,0,0,PC 55167,1.7537967830177257,,S
231,1,3,Miss. Dagmar Bryhl,female,8.41193327314836,0,1,PC 91738,10.47721698251142,E88,S
232,0,3,Mrs. Anna Sage,female,33.77006792112903,1,0,PC 29928,15.403318606408694,,C
233,1,3,Mrs. Bridget OBrien,female,,0,0,PC 86521,7.402621208278658,,C
234,0,3,Mrs. Leah Rosen,female,,0,0,PC 49599,17.97236342735267,,S
235,0,1,Dr. Arthur Jackson,male,54.09664751726642,0,0,PC 26775,61.97994624360803,,C
236,1,3,Mr. Johan Larsson,male,17.048914449476698,4,1,PC 76504,1.0558773369090113,,S
237,0,2,Mr. George Harris,male,35.51923115903932,0,0,PC 85918,4.413515998221128,,S
238,1,1,Mr. William Sloper,male,29.47832615100697,0,0,PC 80687,153.93591016310725,A132,C
239,1,3,Mr. Patrick Murphy,male,57.24690183324469,0,0,PC 36804,17.68213716893744,A108,S
240,1,1,Miss. Charlotte Cardeza,female,24.513230215888562,4,0,PC 42259,189.12857911590396,,S
241,1,3,Mr. Ali Hassan,male,33.87727771673582,1,0,PC 96284,1.7133406841158165,,S
242,0,3,Mr. Johan Larsson,male,29.39315746722238,0,0,PC 95227,63.39914738518664,,S
243,0,3,Mr. Patrick Murphy,male,12.503340612411105,0,1,PC 53560,3.2191111991597614,D119,C
244,1,2,Mrs. Esther Hart,female,,0,2,PC 37256,0.24529104152183642,,S
245,1,1,Mr. William Sloper,male,20.99647445987748,0,0,PC 16125,500.7328785847894,,S
246,1,3,Mrs. Bridget OBrien,female,29.484305991480333,0,0,PC 14370,4.520954624768912,,S
247,0,2,Mr. Henry Reg,male,34.1735050294492,2,2,PC 14838,22.82545330633171,,S
248,0,3,Mr. Olaf Dahl,male,49.23920827281435,0,0,PC 67429,2.6634600629532343,,S
249,0,3,Mr. Ali Hassan,male,7.352844215161003,1,0,PC 13134,11.89221430906495,,S
250,1,3,Miss. Dagmar Bryhl,female,28.005774661563496,0,0,PC 53199,32.1096708675907,,C
251,0,2,Mr. Henry Reg,male,14.327536411004866,1,1,PC 87092,7.988729037252275,D133,Q
252,0,2,Miss. Nora Keane,female,35.733829256207756,1,1,PC 43822,22.965253685874753,,S
253,0,3,Mr. Ali Hassan,male,67.73812376739556,0,0,PC 30113,2.8514661162065016,B13,S
254,0,2,Mr. Henry Reg,male,23.869966789929517,0,0,PC 73594,20.291874626516112,,S
255,1,1,Miss. Bishop,female,18.963454972907147,0,0,PC 12669,34.4527344255354,,Q
256,0,3,Miss. Dagmar Bryhl,female,22.30744629656064,0,0,PC 59427,3.2503653541834012,G30,Q
257,0,3,Mrs. Leah Rosen,female,14.433422796975568,0,0,PC 91617,5.146898414035487,,S
258,0,3,Miss. Dagmar Bryhl,female,5.6266053605875115,0,1,PC 22938,2.6994288946392726,,C
259,1,3,Mrs. Bridget OBrien,female,31.50101389795871,8,0,PC 15717,31.81047009929821,C133,S
260,1,1,Miss. Bishop,female,27.411824508686,0,1,PC 87818,42.516436859387426,,S
261,1,3,Miss. Dagmar Bryhl,female,19.20894379411086,1,0,PC 57659,3.8552832780162194,,S
262,0,3,Mrs. Bridget OBrien,female,16.057616863525425,0,0,PC 74575,,,S
263,1,1,Miss. Bishop,female,40.330661542434584,1,0,PC 89737,32.46190688362401,,S
264,0,3,Mr. Johan Larsson,male,47.426364047080654,0,0,PC 26289,18.689771354971644,D69,S
265,0,3,Mrs. Leah Rosen,female,29.746282488215805,1,0,PC 34406,48.60857976741909,E1,S
266,0,3,Mr. Ali Hassan,male,8.732497152488857,0,2,PC 22873,7.895492459944534,,S
267,1,3,Mrs. Anna Sage,female,25.64706241491418,0,1,PC 92048,27.037246773444284,B48,S
268,0,3,Miss. Dagmar Bryhl,female,32.552179572564896,0,0,PC 33461,11.431215554246897,,S
269,0,2,Rev. Robert Bateman,male,24.316953987850162,0,0,PC 30710,3.541105847435877,,S
270,1,2,Mrs. Esther Hart,female,25.675005366692524,0,2,PC 95488,24.285112640411583,,S
271,0,3,Mr. Patrick Murphy,male,,0,0,PC 23448,9.869257311465907,B130,S
272,1,3,Mr. Johan Larsson,male,24.57635877217575,0,0,PC 25198,14.406324753153964,,S
273,1,3,Mrs. Bridget OBrien,female,42.04826526914827,1,0,PC 83158,30.20079017845597,,S
274,0,3,Mr. Patrick Murphy,male,30.556730538946148,0,2,PC 77938,7.9541489729011134,,S
275,0,3,Miss. Dagmar Bryhl,female,21.35349110194418,0,0,PC 60799,31.707707634786917,E134,S
276,0,3,Mrs. Leah Rosen,female,24.350378477527656,1,0,PC 44961,19.028943872448764,,S
277,0,3,Mr. Patrick Murphy,male,49.32380902373597,0,2,PC 53007,9.187396021909292,,C
278,0,3,Mr. Patrick Murphy,male,,0,0,PC 75470,12.663988060614734,,S
279,0,3,Mr. Patrick Murphy,male,19.98825752794912,0,0,PC 62256,5.396483375117449,,S
280,0,3,Mr. Patrick Murphy,male,25.6482565823803,3,0,PC 30739,56.31123751453888,,S
281,1,3,Miss. Mary Kelly,female,20.73351826998334,1,1,PC 94054,15.079150080930214,,S
282,0,2,Mr. Charles Aldworth,male,48.25809993988304,1,0,PC 68186,0.9281296803899495,,S
283,0,2,Mr. Thomas Byles,male,42.51417898840724,0,5,PC 36547,8.185779869048824,,S
284,1,1,Major Fortescue,male,25.37802977607908,1,0,PC 95823,82.01293643270428,,S
285,0,3,Mr. Ali Hassan,male,65.22235708462838,0,0,PC 61431,0.794356464540394,C12,Q
286,1,1,Miss. Charlotte Cardeza,female,31.626811239528422,0,5,PC 35476,2.030619626520074,G135,S
287,0,3,Mr. Ali Hassan,male,52.54552981977264,0,0,PC 88411,8.190970708258977,,S
288,0,3,Miss. Dagmar Bryhl,female,50.28314921009901,0,0,PC 20686,5.541661544997176,,S
289,0,2,Mr. George Harris,male,33.725651742077495,0,0,PC 27536,11.939447457213479,C131,Q
290,1,3,Mrs. Anna Sage,female,15.633224880211035,0,0,PC 44062,4.175093360984671,,C
291,0,1,Major Fortescue,male,28.749151576099862,0,0,PC 58216,15.118789025469974,,S
292,1,1,Mr. William Sloper,male,19.659587335060138,0,0,PC 35041,98.14756795166245,C74,C
293,1,3,Mrs. Bridget OBrien,female,35.42897589684989,1,0,PC 41653,9.901298009555097,,S
294,1,2,Mr. Charles Aldworth,male,32.87243854345679,0,1,PC 31673,4.623062112916068,,C
295,1,1,Miss. Charlotte Cardeza,female,30.92168083271144,1,0,PC 20367,32.34494576081911,,C
296,0,3,Mrs. Bridget OBrien,female,,0,6,PC 29629,12.275438391312068,,S
297,1,3,Mr. Mustafa Ozkan,male,32.22173881995891,1,0,PC 98636,1.0270988540768593,,S
298,1,1,Dr. Arthur Jackson,male,,0,0,PC 82190,13.400263820847657,,S
299,0,3,Mrs. Leah Rosen,female,,0,0,PC 35063,1.0421137025953853,,S
300,0,1,Col. John Weir,male,20.599043815833095,0,0,PC 29322,140.53222531291996,A26,S
301,0,1,Major Fortescue,male,16.861084422662987,0,0,PC 94546,117.26215449539797,,C
302,1,3,Mr. Olaf Dahl,male,40.53617571328125,1,1,PC 22693,19.174995064961916,,S
303,0,3,Mr. Ali Hassan,male,26.01713052442339,0,2,PC 19241,17.261003641662608,,S
304,0,3,Mr. Olaf Dahl,male,30.980832354271282,0,2,PC 39778,15.163187455271432,,S
305,0,3,Miss. Dagmar Bryhl,female,,1,0,PC 22651,8.87976948910208,,S
306,1,3,Mrs. Bridget OBrien,female,44.962578736036626,0,1,PC 35966,14.083594350580498,,S
307,1,3,Miss. Mary Kelly,female,36.46935243637171,0,0,PC 19275,0.5358992768792922,,S
308,1,2,Mrs. Esther Hart,female,29.293673257272097,0,0,PC 55606,20.108915948413095,,S
309,0,3,Mr. Mustafa Ozkan,male,27.320837231410138,0,1,PC 11658,20.61202226772039,,S
310,0,2,Mrs. Ethel Beane,female,18.68538093866344,0,0,PC 82468,14.362988076724005,,S
311,0,2,Rev. Robert Bateman,male,20.81894410873011,0,0,PC 24248,9.157870586178575,,Q
312,0,1,Capt. Edward Smith,male,12.513113090897445,8,0,PC 34437,27.294662557423745,E127,S
313,0,1,Mr. William Sloper,male,36.79637656319796,0,0,PC 49727,86.47507424066865,,S
314,0,3,Mr. Patrick Murphy,male,,0,0,PC 28201,16.1695644592363,,S
315,1,3,Miss. Mary Kelly,female,39.043745298462724,0,0,PC 51150,28.053376869517763,,S
316,1,3,Miss. Mary Kelly,female,,1,4,PC 99891,5.741097349551594,D88,S
317,0,2,Mr. Charles Aldworth,male,51.01702763732651,1,0,PC 24999,30.401810381610304,,S
318,0,1,Major Fortescue,male,23.906036614468217,0,0,PC 16376,69.22160515432873,,S
319,1,1,Lady Duff-Gordon,female,34.86655841761273,1,0,PC 61673,180.11152355518908,,C
320,0,2,Mr. Henry Reg,male,14.846331611376876,0,0,PC 13476,15.532830747129944,,S
321,0,3,Mr. Ali Hassan,male,45.97118926542504,0,0,PC 79902,9.987895522697546,,S
322,0,3,Mr. Johan Larsson,male,37.62462504455547,0,0,PC 87994,11.815684616788252,,C
323,1,3,Mrs. Anna Sage,female,24.38014409266301,0,1,PC 72878,18.954765489294548,,S
324,1,2,Miss. Nora Keane,female,22.34871294862286,0,2,PC 30615,69.21257443764381,,S
325,0,3,Mr. Mustafa Ozkan,male,,1,1,PC 21164,1.0468117358035163,D149,S
326,1,3,Mr. Patrick Murphy,male,45.91229228179351,0,1,PC 49316,0.7523384670619898,,S
327,0,3,Mrs. Bridget OBrien,female,18.746258485122414,3,0,PC 78560,37.99550390012822,,C
328,1,3,Miss. Mary Kelly,female,,0,1,PC 39559,10.340184500379847,,S
329,0,2,Mr. Thomas Byles,male,21.96459536103192,0,0,PC 72968,19.75318337039492,,C
330,1,2,Miss. Kate Buss,female,,0,0,PC 76800,13.632981393882622,B119,Q
331,0,2,Rev. Robert Bateman,male,20.946851138276898,0,0,PC 19047,2.0355957050677027,,Q
332,1,3,Mr. Olaf Dahl,male,15.137251167552883,0,0,PC 54985,20.021224296880828,E25,C
333,1,1,Mrs. Margaret Brown,female,37.95927413092505,0,0,PC 82123,115.52134523538672,,S
334,0,1,Major Fortescue,male,,0,2,PC 16577,31.3769664798606,B96,S
335,0,1,Capt. Edward Smith,male,36.981352587797005,0,0,PC 93171,30.71276138012682,,S
336,0,1,Mr. William Sloper,male,,1,0,PC 13870,152.81114457606688,,S
337,0,3,Mr. Olaf Dahl,male,63.19197499189367,0,0,PC 44094,1.0289877697564422,B51,C
338,1,3,Mrs. Leah Rosen,female,57.458803749987396,0,0,PC 65329,29.174366132705366,,
339,0,3,Mr. Johan Larsson,male,57.75225516744622,0,0,PC 19217,4.063474909753509,,Q
340,1,1,Miss. Bishop,female,22.093239516398086,2,0,PC 93138,75.5079880329162,C85,C
341,1,3,Mr. Patrick Murphy,male,38.146298337768044,1,0,PC 76141,37.65830307925877,D54,Q
342,0,3,Mr. Patrick Murphy,male,30.11401359008775,0,0,PC 32343,15.53010416167885,,C
343,1,1,Mr. William Sloper,male,29.869910184803253,0,1,PC 60822,44.954215059468666,,S
344,1,2,Miss. Nora Keane,female,45.14269011247946,0,0,PC 23003,24.21240823583228,A45,S
345,0,2,Mr. Henry Reg,male,35.74049086833393,4,0,PC 69538,8.726363380207273,,S
346,0,3,Mrs. Leah Rosen,female,27.15140514442117,0,0,PC 42089,4.448438539789343,,S
347,1,3,Mr. Ali Hassan,male,,0,0,PC 63595,78.21026289505402,,S
348,1,1,Miss. Charlotte Cardeza,female,35.877566943012404,0,1,PC 93197,116.71466453757634,D118,C
349,0,2,Mr. Henry Reg,male,,0,0,PC 92318,21.421374389741032,,C
350,0,3,Mrs. Bridget OBrien,female,45.04454575026231,3,0,PC 40029,6.013671475488416,A147,S
351,1,3,Mrs. Anna Sage,female,44.419363683608026,0,1,PC 89023,0.6906217479979915,,S
352,1,3,Mrs. Leah Rosen,female,33.57114060014223,0,0,PC 61324,0.43222629245454736,,S
353,1,3,Miss. Dagmar Bryhl,female,16.732763381306228,0,0,PC 61962,11.067446523269155,,S
354,1,1,Miss. Bishop,female,,1,0,PC 49042,120.59225624205673,,S
355,0,1,Mr. William Sloper,male,58.833760680399216,1,2,PC 97601,64.75119388818247,,S
356,0,3,Mr. Olaf Dahl,male,35.34182471736064,0,1,PC 86380,25.17375329815507,,S
357,0,1,Col. John Weir,male,49.034911981371124,0,0,PC 94859,2.8558294689521473,F68,S
358,1,3,Miss. Mary Kelly,female,17.11929013160929,1,0,PC 55957,6.259437786730957,,S
359,0,3,Mr. Mustafa Ozkan,male,80.0,0,0,PC 92864,3.707076256201119,,S
360,1,3,Mrs. Leah Rosen,female,11.562437602348314,0,2,PC 53739,8.122606873044324,F123,S
361,0,2,Mr. George Harris,male,35.58031945896097,0,2,PC 48733,1.5551749489435445,,S
362,0,3,Mr. Ali Hassan,male,,4,0,PC 55389,42.2231226911705,,S
363,0,3,Mr. Ali Hassan,male,45.04381857880243,0,1,PC 39715,3.461218472904859,,Q
364,1,3,Mrs. Leah Rosen,female,18.784193798221054,1,0,PC 49116,35.00350133149938,E106,S
365,0,3,Mr. Patrick Murphy,male,26.112736658592524,1,0,PC 66922,7.602674697390175,B58,S
366,0,2,Mr. George Harris,male,32.5266014636369,0,0,PC 66251,87.67013823648853,,C
367,0,3,Mr. Ali Hassan,male,39.68842183264313,0,0,PC 71794,11.063671190056876,,S
368,0,3,Mr. Mustafa Ozkan,male,25.897262879012295,0,2,PC 27580,36.595843396529105,,Q
369,0,1,Col. John Weir,male,30.837025166941473,0,0,PC 10823,0.45052104336143173,,S
370,0,1,Col. John Weir,male,,0,0,PC 17084,115.85903988487574,,S
371,1,1,Miss. Charlotte Cardeza,female,28.98043719667782,0,2,PC 87991,196.0195972395533,,S
372,1,1,Mr. William Sloper,male,,1,2,PC 20607,12.641833712999224,,S
373,0,1,Col. John Weir,male,,3,0,PC 92455,8.489472163145079,,S
374,0,3,Mr. Mustafa Ozkan,male,32.68620016383006,0,0,PC 94930,7.571198447412287,,S
375,0,1,Dr. Arthur Jackson,male,32.19127211117257,0,0,PC 86355,227.91277105947194,,S
376,0,2,Mr. Henry Reg,male,20.22141175613773,0,0,PC 21969,16.181820711087113,,S
377,0,3,Mr. Patrick Murphy,male,25.759395952356968,0,2,PC 73059,10.269867925494925,,S
378,1,1,Dr. Arthur Jackson,male,11.030522759943016,1,2,PC 27333,12.779187765376886,,S
379,0,3,Mr. Ali Hassan,male,25.112433608129223,0,0,PC 87236,0.010820574020995335,,S
380,1,2,Mrs. Esther Hart,female,11.224482995044548,0,0,PC 46668,34.392404128711334,,S
381,1,1,Miss. Bishop,female,22.419421967757142,1,0,PC 21945,7.6985084169671305,,S
382,1,3,Mrs. Bridget OBrien,female,16.79757965297224,0,2,PC 56526,13.76455026834571,,S
383,0,3,Mr. Mustafa Ozkan,male,19.24733747549358,0,0,PC 57717,33.710245654262394,,S
384,1,3,Mr. Johan Larsson,male,49.761368834956585,0,0,PC 69426,3.206037678477506,,S
385,0,3,Mr. Johan Larsson,male,,0,0,PC 94166,14.993821362607225,,S
386,0,3,Mr. Mustafa Ozkan,male,23.364633065580914,0,0,PC 98896,1.1229618465227773,,S
387,1,2,Mrs. Ethel Beane,female,32.528358851303096,1,0,PC 88349,19.16246475798929,,Q
388,0,1,Col. John Weir,male,9.770865159012684,1,0,PC 14601,15.039779641452768,,S
389,0,3,Mr. Johan Larsson,male,,0,2,PC 22930,18.24333489307681,E38,S
390,0,3,Mr. Johan Larsson,male,31.177471866303662,2,2,PC 14333,4.910566149232154,,S
391,0,3,Mrs. Leah Rosen,female,16.358158600348325,0,1,PC 80935,8.528052518190169,,C
392,1,2,Mr. Thomas Byles,male,13.282599207816656,1,0,PC 27839,18.937769656853053,F120,S
393,0,2,Mr. Charles Aldworth,male,,0,0,PC 61337,3.8888052111406775,B59,Q
394,0,3,Mr. Johan Larsson,male,9.98006128704442,1,0,PC 50204,18.541482382900107,,Q
395,0,2,Mr. Charles Aldworth,male,23.19962194952442,1,0,PC 30195,7.461397608425061,,S
396,0,3,Mr. Johan Larsson,male,15.270473330799096,0,2,PC 37848,14.875599279611928,,Q
397,0,3,Mr. Mustafa Ozkan,male,7.399174626672021,2,0,PC 99229,2.3606673579525093,,S
398,0,2,Mr. Henry Reg,male,45.33929398098585,1,0,PC 50854,24.11817599536592,,C
399,0,3,Mr. Johan Larsson,male,37.79771272428341,1,2,PC 60998,1.879387346845535,,S
400,0,3,Mr. Mustafa Ozkan,male,,0,2,PC 77390,7.589874308433618,C58,S
401,0,1,Major Fortescue,male,,1,0,PC 41558,23.852955751022833,,S
402,0,3,Mr. Johan Larsson,male,15.283458285622757,1,0,PC 12985,18.903484492202477,A29,C
403,1,3,Mrs. Anna Sage,female,22.01319789073282,0,0,PC 71794,4.162866753101605,,S
404,1,3,Mrs. Bridget OBrien,female,,3,0,PC 53585,29.245086012582608,A133,S
405,1,2,Mr. Thomas Byles,male,24.607025520071645,0,0,PC 94814,46.03598704377434,,S
406,0,3,Mr. Mustafa Ozkan,male,44.011246314756214,0,0,PC 50264,2.996259322472583,,S
407,0,2,Mr. Thomas Byles,male,,0,2,PC 43326,19.69644087688687,A77,S
408,1,1,Major Fortescue,male,32.71319447870666,0,0,PC 94816,7.711681609615972,,S
409,0,3,Mrs. Anna Sage,female,,0,0,PC 69261,6.806424921776248,,S
410,1,1,Capt. Edward Smith,male,,0,0,PC 44022,104.94915486199125,G128,S
411,1,2,Mrs. Ethel Beane,female,,3,0,PC 25667,22.296275650507845,C136,S
412,0,3,Mr. Ali Hassan,male,37.46673654290932,0,1,PC 28065,13.42642958405157,,S
413,0,3,Mr. Mustafa Ozkan,male,,0,0,PC 97191,4.54893821559533,,S
414,0,3,Mrs. Bridget OBrien,female,,0,0,PC 20006,6.505517591893011,,Q
415,0,3,Mrs. Anna Sage,female,17.796662210928282,0,0,PC 81819,1.488359497403929,A87,S
416,1,3,Mrs. Bridget OBrien,female,19.71689523968885,2,1,PC 55076,17.391900995015707,B63,Q
417,1,2,Miss. Nora Keane,female,33.22534879479556,0,0,PC 78861,14.509772171531758,,C
418,0,2,Mr. George Harris,male,25.598539624234085,1,1,PC 60393,25.53607784083255,,S
419,1,3,Miss. Dagmar Bryhl,female,,0,0,PC 13143,3.9219596915646697,,S
420,0,3,Mr. Olaf Dahl,male,16.972294934138397,0,0,PC 67505,5.3732863210258985,,C
421,0,3,Mrs. Bridget OBrien,female,29.532928926475083,0,0,PC 22417,5.573009162223226,C56,S
422,0,3,Mr. Mustafa Ozkan,male,18.4145275139418,0,2,PC 41300,0.35728975178677463,,S
423,1,1,Miss. Bishop,female,35.2952205381415,0,2,PC 38896,35.03676890934366,,S
424,1,3,Mr. Mustafa Ozkan,male,17.141932723029537,1,0,PC 60629,22.27755362977399,,S
425,0,1,Col. John Weir,male,,0,0,PC 37606,191.17799527026145,,C
426,0,3,Mr. Olaf Dahl,male,35.58215984964704,1,0,PC 49916,10.004619602232038,,S
427,1,2,Mrs. Ethel Beane,female,,0,0,PC 71330,12.583332314259668,,S
428,1,3,Mr. Mustafa Ozkan,male,33.15037728790147,0,0,PC 17551,0.4289427723737613,,S
429,0,2,Mr. Henry Reg,male,26.201962966704613,0,2,PC 66422,43.75265645670017,,S
430,1,1,Dr. Arthur Jackson,male,15.287570661932204,0,2,PC 77782,1.100029354318301,,S
431,0,1,Mr. William Sloper,male,40.18029766933945,1,0,PC 75391,243.2546247897249,,S
432,1,3,Mrs. Bridget OBrien,female,27.647229613421814,0,0,PC 73411,9.203782828774358,G112,C
433,0,3,Mr. Patrick Murphy,male,20.32684863573569,0,2,PC 83185,5.732775943206167,,S
434,1,1,Miss. Charlotte Cardeza,female,19.534391067098845,3,1,PC 10888,216.71161844989936,,C
435,1,1,Dr. Arthur Jackson,male,54.098947714124904,0,0,PC 67135,2.0742439643953037,,S
436,0,3,Mr. Olaf Dahl,male,25.416719342509296,0,0,PC 39424,11.931315511917106,,S
437,1,1,Miss. Bishop,female,13.48366639941213,0,0,PC 51559,66.87562035729718,,S
438,0,3,Miss. Mary Kelly,female,46.097523815349355,0,0,PC 21075,3.391989276583721,D117,S
439,0,3,Mr. Patrick Murphy,male,23.52662951457816,1,0,PC 32699,7.674314556937701,,S
440,0,1,Mr. William Sloper,male,20.927653352938954,1,0,PC 57972,88.7301848906233,,S
441,1,1,Miss. Charlotte Cardeza,female,15.936237157101289,4,0,PC 19950,109.09619061341817,F46,S
442,0,3,Mr. Patrick Murphy,male,,0,0,PC 15413,0.009824486085210289,A66,C
443,1,2,Miss. Nora Keane,female,41.137677085811625,0,0,PC 49305,57.179542688253655,B7,S
444,1,2,Mrs. Ethel Beane,female,28.736567680742798,1,0,PC 13569,3.72093469597781,,S
445,0,3,Mrs. Leah Rosen,female,21.87260049698465,0,1,PC 76778,3.644549667730591,A105,S
446,0,3,Mr. Mustafa Ozkan,male,12.308148322605929,0,1,PC 40085,4.189596849338269,,S
447,0,3,Miss. Mary Kelly,female,24.271129595055392,0,0,PC 86023,0.5281881224581023,,S
448,0,3,Mr. Mustafa Ozkan,male,31.355496275613987,0,0,PC 93845,1.7989157961219209,,S
449,0,2,Mr. George Harris,male,17.942287735445028,0,2,PC 46163,88.88600932359086,,Q
450,0,1,Col. John Weir,male,46.99921880126183,1,0,PC 59592,31.80684324021603,,C
451,1,3,Mr. Mustafa Ozkan,male,22.148463168501294,1,0,PC 97151,1.6783583249801404,A65,S
452,1,3,Mrs. Anna Sage,female,,0,0,PC 67333,1.5502770976173752,,S
453,1,2,Mrs. Esther Hart,female,,0,0,PC 18039,26.31050412148364,,S
454,1,3,Mrs. Anna Sage,female,38.77440978671429,0,0,PC 18198,26.414301734672282,,C
455,1,1,Capt. Edward Smith,male,29.50200047604568,1,2,PC 44354,24.947583063571507,,S
456,0,3,Mr. Ali Hassan,male,52.95767902917692,0,0,PC 13824,0.28949760516892015,,S
457,0,1,Col. John Weir,male,,1,0,PC 60420,21.20418629121178,,C
458,0,3,Miss. Dagmar Bryhl,female,35.07493513124248,0,2,PC 99535,0.797004962760395,G140,S
459,1,1,Mr. William Sloper,male,30.615927969206965,0,0,PC 13436,9.167743197973552,,S
460,1,1,Miss. Charlotte Cardeza,female,15.388444140635094,0,0,PC 50857,47.44053290146432,,S
461,0,1,Col. John Weir,male,,1,0,PC 26057,21.945735662361745,,S
462,1,3,Mr. Johan Larsson,male,32.51799523680749,0,0,PC 11310,9.940152234853391,,S
463,1,3,Miss. Dagmar Bryhl,female,35.49830966725599,0,0,PC 85355,4.005212727753855,,S
464,0,3,Mr. Ali Hassan,male,42.91356288805157,0,0,PC 88993,38.66696319069616,,S
465,0,3,Miss. Mary Kelly,female,43.730541808540565,1,0,PC 76013,32.3849448612164,,S
466,1,2,Mrs. Esther Hart,female,16.13004283814122,1,0,PC 70022,17.316996035274585,A22,C
467,0,2,Mr. Charles Aldworth,male,14.475627264509527,0,0,PC 18906,9.058575128059138,B137,S
468,0,3,Mr. Mustafa Ozkan,male,18.65791753476502,1,0,PC 19868,6.574456334515891,D107,S
469,0,1,Major Fortescue,male,,0,0,PC 28546,44.5852800533064,,S
470,1,3,Miss. Mary Kelly,female,22.356690183600023,0,0,PC 82855,17.815586827905523,G75,C
471,1,1,Dr. Arthur Jackson,male,15.541710824243005,0,0,PC 43149,50.46900109647149,C130,C
472,0,3,Mr. Ali Hassan,male,16.06657954174388,0,2,PC 77381,26.619428028652667,D118,S
473,1,1,Col. John Weir,male,32.048408789905125,1,0,PC 33684,242.26420077066192,D4,S
474,1,3,Mrs. Bridget OBrien,female,11.603418003837534,1,0,PC 39858,5.608670927242231,,C
475,0,3,Mr. Ali Hassan,male,28.128262692627146,0,1,PC 55330,11.269074270991595,F110,S
476,0,3,Miss. Dagmar Bryhl,female,,0,0,PC 69204,1.3683944815441769,,S
477,1,1,Miss. Bishop,female,39.96428598530507,1,0,PC 35293,18.79332276938827,,C
478,0,3,Mr. Johan Larsson,male,35.99688045878166,2,1,PC 66869,7.30928214021573,,S
479,0,3,Mr. Ali Hassan,male,38.07262719891801,0,1,PC 14629,3.1637020924390096,B67,Q
480,1,3,Miss. Mary Kelly,female,37.07030008955789,3,0,PC 15704,28.660455442043297,G17,C
481,1,3,Mr. Ali Hassan,male,,0,0,PC 11776,2.360719529305213,,S
482,0,3,Miss. Mary Kelly,female,24.64227075742794,0,0,PC 67255,8.33210349173634,,Q
483,0,3,Mr. Mustafa Ozkan,male,36.42522000989672,1,1,PC 58281,12.749785971664435,E91,S
484,0,3,Mr. Mustafa Ozkan,male,,0,0,PC 41236,16.12782819659611,,S
485,1,3,Mrs. Anna Sage,female,22.08647016853832,0,0,PC 76780,6.617082081394658,,S
486,0,3,Mr. Ali Hassan,male,31.07866119093992,0,1,PC 11333,27.856408536142183,,S
487,0,1,Col. John Weir,male,,1,0,PC 79205,70.56577411048858,B84,S
488,0,2,Rev. Robert Bateman,male,39.381149678748145,1,0,PC 93120,11.984056299052565,,C
489,0,3,Mr. Johan Larsson,male,11.7789006382078,0,0,PC 60946,0.9536299522444477,,S
490,0,3,Mr. Johan Larsson,male,29.62260465944425,0,0,PC 65333,8.561243266932754,,S
491,0,3,Mr. Johan Larsson,male,16.855460546517083,0,0,PC 37277,23.54885891559021,,S
492,1,3,Mrs. Anna Sage,female,,0,1,PC 60606,13.060490771762629,G46,C
493,1,2,Mr. George Harris,male,,0,0,PC 11933,36.94450620562176,,S
494,1,1,Mrs. Eleanor Fortune,female,60.75677644642802,1,0,PC 43514,57.22430064843783,,S
495,0,3,Mr. Mustafa Ozkan,male,39.863853147203024,0,0,PC 99893,1.7273896422415755,,S
496,1,2,Miss. Nora Keane,female,34.495439730682605,0,0,PC 72958,0.2842880693842256,,S
497,0,3,Mr. Mustafa Ozkan,male,,0,2,PC 16827,4.949603211642215,,S
498,1,1,Mrs. Eleanor Fortune,female,16.676526445540514,0,0,PC 40844,100.57292370494771,,S
499,0,3,Mr. Ali Hassan,male,26.759973904128376,3,0,PC 10792,21.397840290461694,A8,S
500,0,3,Mr. Olaf Dahl,male,29.974783268600554,0,2,PC 49695,4.803574792376341,B22,S
501,0,3,Mr. Patrick Murphy,male,20.08445349331319,0,0,PC 93187,9.377548368509938,,Q
502,0,3,Mr. Patrick Murphy,male,,0,0,PC 52510,7.489217123754276,,S
503,0,2,Rev. Robert Bateman,male,64.55571320755118,0,0,PC 49137,10.940347648054404,F19,S
504,0,3,Mr. Johan Larsson,male,10.930296881242235,0,1,PC 94610,3.6047148946401277,,S
505,1,3,Miss. Mary Kelly,female,36.24507309842496,0,0,PC 83410,2.008586073566182,E87,S
506,0,1,Dr. Arthur Jackson,male,27.153546939571683,0,0,PC 92212,18.397074565554945,,S
507,0,3,Mr. Johan Larsson,male,34.25675941169562,0,0,PC 49632,0.779833397579818,,S
508,0,3,Mr. Patrick Murphy,male,29.71228182784098,0,0,PC 46790,3.025092946648527,,S
509,1,3,Miss. Mary Kelly,female,24.26952094093238,0,0,PC 93568,0.12663577638752216,,S
510,0,3,Mr. Olaf Dahl,male,13.361160730941776,3,0,PC 40885,13.520117116369136,,S
511,0,3,Mr. Olaf Dahl,male,37.34834158896187,0,0,PC 75214,5.210745039362209,G19,C
512,0,2,Mr. George Harris,male,33.94497546533789,0,0,PC 86544,74.87795495870405,,S
513,0,3,Miss. Dagmar Bryhl,female,34.00138354940771,0,0,PC 54870,2.949891459006019,,S
514,0,3,Mrs. Bridget OBrien,female,45.771217688458904,0,0,PC 58110,5.814085966417652,,S
515,0,1,Capt. Edward Smith,male,21.801632458743484,1,1,PC 15171,37.205245513662845,,S
516,1,1,Lady Duff-Gordon,female,27.124311788787615,0,1,PC 19589,0.7129426469220487,,S
517,1,2,Mrs. Ethel Beane,female,,1,0,PC 28077,37.832218021083385,,S
518,0,3,Mr. Olaf Dahl,male,21.39867281867651,0,0,PC 74874,0.44548932160834603,C101,S
519,1,3,Mrs. Anna Sage,female,14.292945627925167,0,0,PC 82246,38.58485074286853,,S
520,0,1,Major Fortescue,male,18.935843893411864,1,2,PC 95772,187.01026889923352,,S
521,0,3,Mr. Mustafa Ozkan,male,7.86568582535787,0,1,PC 48227,10.505720384011699,,Q
522,0,2,Mr. Henry Reg,male,32.585772462688574,0,1,PC 24937,16.236582483868187,F57,S
523,1,3,Mr. Ali Hassan,male,61.800155817220556,0,0,PC 19754,14.531245700493784,,S
524,0,3,Mr. Patrick Murphy,male,15.606342765181527,1,0,PC 35688,6.70576546719931,,C
525,0,3,Mrs. Anna Sage,female,24.14262855989648,0,0,PC 17048,14.274264522118678,,S
526,0,3,Mr. Olaf Dahl,male,56.805942720295285,1,0,PC 32568,0.6274797687205481,B105,S
527,0,2,Mr. George Harris,male,34.9798492668082,0,0,PC 85019,1.1501552847296148,,S
528,0,2,Mr. George Harris,male,31.600653625649386,1,2,PC 27545,12.649157168887882,C105,S
529,1,1,Mrs. Margaret Brown,female,,0,0,PC 92949,67.00417226021237,,S
530,1,3,Mr. Olaf Dahl,male,25.287118464326788,1,0,PC 55217,29.970524430831226,,C
531,0,3,Mr. Johan Larsson,male,20.599318822554785,0,0,PC 58122,1.5145686004373766,,S
532,0,3,Mr. Patrick Murphy,male,33.5594208365487,1,2,PC 43746,23.695772219370202,,S
533,1,3,Mr. Patrick Murphy,male,33.91631010766756,0,0,PC 18709,3.2302169063677932,,S
534,0,3,Miss. Mary Kelly,female,22.39259631091392,0,0,PC 35358,6.863882707108714,A63,C
535,0,3,Miss. Dagmar Bryhl,female,24.421112777489792,0,2,PC 21023,5.215295479068228,E5,S
536,0,3,Mr. Johan Larsson,male,45.83929185940205,0,0,PC 38756,7.001856901519816,,S
537,0,3,Mrs. Bridget OBrien,female,48.20595816253308,0,0,PC 73175,2.234497925828533,,S
538,0,2,Mr. George Harris,male,23.391759702858437,2,0,PC 64281,14.496477903997496,,S
539,1,3,Mrs. Anna Sage,female,,4,0,PC 59289,22.162281399200356,G116,S
540,1,1,Capt. Edward Smith,male,15.149672110127474,0,1,PC 68097,48.935170893897194,,S
541,0,3,Mr. Mustafa Ozkan,male,24.380197826389583,2,1,PC 86681,9.241312635489656,,Q
542,0,3,Mr. Ali Hassan,male,,0,0,PC 96728,25.878443135601273,G121,S
543,1,1,Miss. Charlotte Cardeza,female,12.134973213507699,0,0,PC 57259,102.84734880162577,,S
544,1,3,Mr. Patrick Murphy,male,32.837042227704345,1,0,PC 28839,9.237032481232715,,S
545,0,3,Mr. Patrick Murphy,male,,0,0,PC 37410,4.0825444091263225,,S
546,0,2,Rev. Robert Bateman,male,49.78333484339998,4,0,PC 21447,44.757257847620075,,S
547,1,1,Miss. Bishop,female,50.91505784670477,0,0,PC 96569,72.27623189186022,,S
548,0,3,Mr. Patrick Murphy,male,,0,0,PC 85665,3.4240922068945956,,C
549,0,3,Miss. Dagmar Bryhl,female,32.799502262921514,0,1,PC 23907,4.2950274454232895,A51,S
550,0,3,Miss. Dagmar Bryhl,female,24.305325296478472,0,0,PC 31637,22.265614789620642,A74,S
551,0,3,Mr. Olaf Dahl,male,31.704099145735427,0,0,PC 48196,0.6185500559640895,G12,S
552,1,3,Mrs. Anna Sage,female,25.097741506565825,8,0,PC 32369,66.30668513616612,,S
553,0,3,Mr. Johan Larsson,male,45.97028339796533,1,1,PC 12589,1.9134293870053745,,S
554,0,3,Mrs. Leah Rosen,female,37.37164628170341,1,0,PC 33560,21.782606130157205,,C
555,0,3,Mr. Olaf Dahl,male,,0,0,PC 13034,6.8795305234127495,,Q
556,1,2,Miss. Nora Keane,female,37.65939462437882,0,0,PC 10169,14.02837922837214,,S
557,1,1,Miss. Charlotte Cardeza,female,10.790597298456255,0,0,PC 13239,178.55878022823862,,S
558,1,1,Mrs. Margaret Brown,female,,0,0,PC 13415,44.736650715063,,C
559,1,3,Miss. Mary Kelly,female,19.95272078248141,0,1,PC 95488,10.564004466727761,,S
560,0,3,Mr. Patrick Murphy,male,49.3331008821625,1,2,PC 86944,0.692622248725334,D147,S
561,0,3,Mr. Johan Larsson,male,22.290808436426012,0,1,PC 13484,0.03219819900289781,,S
562,1,1,Mrs. Eleanor Fortune,female,28.962646148868192,0,0,PC 63987,23.584889662804912,,C
563,1,1,Col. John Weir,male,23.86242008638602,0,0,PC 28225,95.86568130067289,E12,S
564,1,1,Col. John Weir,male,34.1508005216517,0,0,PC 90459,10.858829885147054,,C
565,1,2,Mrs. Ethel Beane,female,15.566466386388889,0,3,PC 71104,2.4999326852874777,,C
566,0,3,Miss. Mary Kelly,female,7.8001886241788485,2,0,PC 30936,7.250892388944447,,S
567,1,2,Mrs. Ada Clarke,female,47.73682077126093,0,0,PC 49612,21.603787916749944,,S
568,0,2,Mr. Thomas Byles,male,52.21282814314566,1,0,PC 94946,25.77242742577967,,C
569,1,3,Mrs. Leah Rosen,female,22.272519252243825,0,0,PC 49952,2.6929172045862955,,S
570,1,2,Mr. Charles Aldworth,male,18.457960976409233,0,0,PC 68945,1.7167346944797355,A49,S
571,1,3,Mrs. Anna Sage,female,25.186817237230493,0,0,PC 97399,38.63468417984622,,S
572,1,3,Mr. Olaf Dahl,male,15.735326037818192,1,0,PC 15380,4.137482411921603,,S
573,1,2,Miss. Kate Buss,female,,1,1,PC 60298,39.7374298446207,,S
574,0,3,Mrs. Bridget OBrien,female,23.430665750174757,0,0,PC 96246,27.281742043147332,E59,S
575,1,3,Mr. Mustafa Ozkan,male,21.92623180436586,0,0,PC 90821,20.285649594628595,,S
576,0,3,Miss. Dagmar Bryhl,female,,0,0,PC 37260,2.5334762195799567,,C
577,0,1,Col. John Weir,male,26.64565480699013,0,0,PC 42879,144.8879840381652,,S
578,0,3,Mrs. Leah Rosen,female,23.602537723813285,2,1,PC 26143,20.089992759824728,,S
579,0,3,Mrs. Leah Rosen,female,26.95657960514842,0,0,PC 59744,12.441402696719631,G114,S
580,0,2,Mr. Charles Aldworth,male,20.11323820330098,0,0,PC 82949,8.513600824740719,,S
581,0,3,Miss. Mary Kelly,female,43.14371895162137,0,0,PC 41578,4.171661749644895,,S
582,0,3,Mrs. Bridget OBrien,female,32.70513219667494,0,2,PC 90262,1.7807604029809934,,S
583,0,3,Mr. Olaf Dahl,male,,0,0,PC 67331,9.766102935953516,,S
584,0,2,Mr. Henry Reg,male,16.755468286690785,0,0,PC 73815,18.21818534245957,,S
585,0,3,Mrs. Leah Rosen,female,41.94180968571467,1,0,PC 81519,6.099990873826542,,C
586,1,1,Mrs. Eleanor Fortune,female,20.600035957563552,1,0,PC 29178,54.18345986111979,F134,S
587,1,1,Miss. Charlotte Cardeza,female,28.916202277122437,0,0,PC 85857,37.9506603082755,,S
588,1,1,Mrs. Eleanor Fortune,female,21.019049843061524,1,1,PC 70197,86.05378012524874,,C
589,1,1,Dr. Arthur Jackson,male,37.377365849723,0,0,PC 46366,194.48159833685975,,S
590,1,1,Mrs. Margaret Brown,female,,0,2,PC 62955,15.038628370015203,,Q
591,1,1,Major Fortescue,male,,0,0,PC 51911,40.34609548303993,,C
592,0,3,Mr. Patrick Murphy,male,37.72918462215087,0,0,PC 93422,2.0801176447591754,,S
593,1,1,Major Fortescue,male,19.107874558302814,0,0,PC 63619,82.3770627685594,,S
594,0,2,Mr. Thomas Byles,male,9.680766755052662,0,1,PC 54296,27.016786072401466,E119,S
595,0,3,Mr. Ali Hassan,male,20.125608216217127,0,0,PC 32791,36.81142121833502,,S
596,0,3,Mr. Olaf Dahl,male,,4,2,PC 18301,4.47905777869326,,C
597,0,3,Miss. Mary Kelly,female,15.268667861053526,0,2,PC 45779,41.099525125803005,F108,S
598,1,1,Col. John Weir,male,25.829909257219825,0,2,PC 46894,5.489598981762096,C20,C
599,1,1,Mr. William Sloper,male,25.857921443458096,0,0,PC 89618,77.60372921435393,,C
600,1,1,Capt. Edward Smith,male,56.28053457950002,0,0,PC 59250,4.94169882100594,,S
601,1,1,Capt. Edward Smith,male,18.21749518708561,0,1,PC 80994,188.34380431590222,,S
602,0,2,Mr. Thomas Byles,male,,1,0,PC 51770,15.620559588195526,E91,S
603,0,1,Major Fortescue,male,18.27177052670472,0,0,PC 32300,92.96194966883905,,S
604,0,1,Dr. Arthur Jackson,male,35.34660881100298,0,0,PC 78235,149.62570181147626,F118,S
605,1,1,Mrs. Eleanor Fortune,female,23.988369304582164,0,0,PC 39485,13.682292498254162,,S
606,0,3,Mr. Johan Larsson,male,22.348798434425138,0,0,PC 50285,0.5391764699624295,,S
607,1,1,Dr. Arthur Jackson,male,,0,0,PC 76555,177.32256782596627,,C
608,0,2,Rev. Robert Bateman,male,,0,0,PC 42471,7.829546623285054,,S
609,0,3,Miss. Dagmar Bryhl,female,42.59967963521621,0,0,PC 58671,1.89182048498637,,S
610,0,3,Mr. Mustafa Ozkan,male,34.72036542527109,0,0,PC 30270,8.658114391947505,,S
611,0,1,Dr. Arthur Jackson,male,,0,0,PC 98151,76.61344846598143,,C
612,0,3,Mr. Mustafa Ozkan,male,,4,0,PC 23698,0.43100652820970325,,S
613,1,3,Mr. Patrick Murphy,male,,0,0,PC 82265,4.403724093273814,A147,S
614,0,1,Capt. Edward Smith,male,36.59999229273402,1,0,PC 49729,2.8013873743712576,,Q
615,0,3,Mr. Johan Larsson,male,,1,0,PC 21171,7.470686719047655,,S
616,0,3,Mr. Olaf Dahl,male,24.522134062955757,0,0,PC 89483,30.89004815711309,,S
617,1,1,Col. John Weir,male,10.374686563807884,0,0,PC 70684,340.56134895159096,,S
618,0,2,Mr. Henry Reg,male,10.307380859887758,0,0,PC 65165,20.979107512002706,,C
619,0,3,Mrs. Anna Sage,female,,1,1,PC 59948,2.415377480934969,G22,S
620,0,3,Mrs. Leah Rosen,female,41.83359684895876,0,0,PC 44725,32.37117576471564,,S
621,1,1,Mrs. Margaret Brown,female,,1,0,PC 29450,60.99933292348842,,S
622,1,1,Lady Duff-Gordon,female,37.509631475441054,2,0,PC 23300,14.022929917842422,,Q
623,0,2,Mr. Charles Aldworth,male,19.62267913300231,1,0,PC 94600,52.73425063859116,,S
624,0,3,Mr. Mustafa Ozkan,male,22.52811721079525,0,0,PC 14441,19.4077755268365,,S
625,0,3,Mr. Mustafa Ozkan,male,41.27168270092424,0,0,PC 29332,18.024667684963084,,Q
626,1,2,Miss. Nora Keane,female,54.749860533401105,1,0,PC 30115,25.565600824636434,E130,S
627,1,3,Miss. Dagmar Bryhl,female,41.652101139561864,0,0,PC 97404,3.06288732561088,D34,Q
628,0,3,Mr. Olaf Dahl,male,41.66312327080664,0,0,PC 51997,3.2468649201066917,,Q
629,1,1,Mrs. Eleanor Fortune,female,19.20019242346022,1,2,PC 96151,97.91809691363667,,C
630,0,2,Mr. Henry Reg,male,36.808123635630146,0,0,PC 23615,5.135793659294576,A84,S
631,0,3,Miss. Mary Kelly,female,14.169728811010712,2,0,PC 24732,7.911055874960015,,S
632,0,3,Mr. Ali Hassan,male,44.33541502184079,0,0,PC 35367,20.86877969001779,G112,C
633,0,3,Mr. Ali Hassan,male,32.433507654077246,0,0,PC 52738,20.99192188413316,,Q
634,1,3,Mr. Ali Hassan,male,24.452204777433735,2,1,PC 10981,8.271856575317951,,S
635,0,1,Col. John Weir,male,8.560473935944364,0,0,PC 72881,131.97498562538703,F45,C
636,0,2,Mr. Charles Aldworth,male,24.09166562582499,0,0,PC 68609,37.75689474106942,,S
637,0,3,Mr. Mustafa Ozkan,male,27.70837477941422,0,1,PC 97090,14.570786752562173,,S
638,1,2,Mrs. Ethel Beane,female,,0,0,PC 91666,5.367975818682701,,S
639,0,2,Mr. George Harris,male,24.612112919953887,0,0,PC 94351,6.628584857808051,,C
640,0,2,Mr. Henry Reg,male,21.504230103392985,0,2,PC 18566,7.826764758140921,,
641,1,1,Col. John Weir,male,18.16708259087176,0,0,PC 81885,10.433493372708506,,S
642,1,2,Mrs. Ethel Beane,female,54.7281752486589,0,0,PC 20728,6.604301588115967,G117,Q
643,0,1,Capt. Edward Smith,male,61.667702933955226,1,0,PC 93911,19.749571111978277,,S
644,1,2,Mr. George Harris,male,,1,0,PC 97350,12.57675855351959,G4,S
645,0,1,Major Fortescue,male,18.879927243947698,0,0,PC 46214,200.8216562190645,E111,S
646,1,3,Mr. Ali Hassan,male,,0,1,PC 67935,1.5118097624169147,,S
647,0,3,Mrs. Bridget OBrien,female,,0,0,PC 97081,17.452745170515534,D146,S
648,1,3,Mr. Mustafa Ozkan,male,60.58619644205341,0,0,PC 55588,15.925656309157635,G94,Q
649,0,3,Mr. Patrick Murphy,male,31.294604271411067,1,2,PC 28953,1.3789605043955846,,S
650,1,3,Mrs. Leah Rosen,female,46.288837655298096,1,0,PC 78408,35.05024489541675,,C
651,1,1,Col. John Weir,male,45.89968099482894,0,0,PC 84904,70.59556132545683,,S
652,0,3,Mr. Ali Hassan,male,,0,0,PC 44103,6.194115763345739,E74,S
653,1,3,Mr. Mustafa Ozkan,male,15.691071493258903,0,2,PC 80949,19.35531619827934,,S
654,0,3,Miss. Dagmar Bryhl,female,45.977807934449714,0,1,PC 59264,4.07645176762571,,S
655,0,2,Mr. Charles Aldworth,male,14.759467378364143,0,0,PC 30156,24.479191110995785,,S
656,1,1,Mrs. Margaret Brown,female,19.257403839684493,4,0,PC 23423,3.4037820023408227,,S
657,0,2,Mr. Charles Aldworth,male,31.888999956174494,1,0,PC 48062,37.85799249031474,,S
658,0,2,Mr. Charles Aldworth,male,23.385891031183412,0,2,PC 52805,12.306497471962585,D84,S
659,0,3,Mr. Patrick Murphy,male,,0,0,PC 11987,13.871343658525499,C133,S
660,1,3,Mrs. Leah Rosen,female,14.324708846709298,1,0,PC 72979,3.425679085780022,,S
661,0,2,Mr. Thomas Byles,male,19.280977122207737,0,1,PC 47597,23.397855723433846,,Q
662,1,3,Miss. Dagmar Bryhl,female,,0,0,PC 93905,20.268657448645772,,S
663,0,3,Miss. Dagmar Bryhl,female,,0,0,PC 37868,8.781142978237488,,S
664,0,1,Capt. Edward Smith,male,50.69875704287648,1,0,PC 86970,80.77608565220882,E25,Q
665,0,1,Capt. Edward Smith,male,12.042668354533195,0,0,PC 73805,51.19004825311658,,C
666,0,1,Mr. William Sloper,male,,0,0,PC 90084,188.59499657997674,,S
667,0,2,Rev. Robert Bateman,male,20.71799564472653,1,2,PC 26636,14.260118150753911,,S
668,1,1,Mrs. Eleanor Fortune,female,27.593536427368768,1,0,PC 67467,154.89182317685993,,S
669,1,1,Miss. Bishop,female,31.71416162135538,2,0,PC 27007,135.76257727747324,,S
670,1,2,Mr. Henry Reg,male,21.329656898945338,0,0,PC 86864,10.939716871345121,,C
671,0,1,Col. John Weir,male,43.317772900866146,0,0,PC 13389,21.963857986575317,B54,C
672,0,3,Mrs. Bridget OBrien,female,46.72005376017468,1,0,PC 19458,7.137895080908283,,S
673,0,1,Col. John Weir,male,45.56091653850884,1,0,PC 78481,146.99580393459894,,Q
674,0,3,Miss. Dagmar Bryhl,female,17.717470010200287,0,1,PC 84888,3.538639476966913,C94,S
675,0,2,Mr. George Harris,male,32.450484984152176,0,0,PC 86022,15.385368939687213,,S
676,1,3,Miss. Dagmar Bryhl,female,,1,0,PC 51400,22.47342444841828,,C
677,0,1,Major Fortescue,male,40.0254648624103,1,0,PC 77628,36.63636817022779,,S
678,0,2,Mr. Thomas Byles,male,38.809381730118005,0,2,PC 61857,21.27562647600638,,C
679,1,3,Mr. Olaf Dahl,male,51.108167116607646,0,0,PC 74367,3.8616793037253716,F52,Q
680,1,3,Mr. Mustafa Ozkan,male,22.455951985404017,0,1,PC 46527,1.5854260866057122,F113,S
681,0,3,Mr. Patrick Murphy,male,10.973409079717321,0,0,PC 80648,21.66992050335048,,S
682,1,2,Miss. Nora Keane,female,24.335421481805966,0,2,PC 26937,2.1572545943455705,,S
683,1,1,Miss. Bishop,female,25.00118575964595,0,0,PC 47672,26.594808203862637,A8,S
684,0,3,Mr. Ali Hassan,male,75.88049295573794,0,0,PC 11112,26.4653374459202,,S
685,0,3,Mr. Olaf Dahl,male,20.473789068507365,0,0,PC 45545,5.82751076729955,,S
686,0,3,Mr. Mustafa Ozkan,male,46.25725589434809,0,0,PC 99017,49.50631228337181,,C
687,0,3,Mr. Olaf Dahl,male,69.13037276524749,1,0,PC 58355,53.413932545235255,,S
688,0,2,Mr. Thomas Byles,male,62.101439204950935,0,1,PC 85561,6.465684604370751,,S
689,0,3,Mr. Olaf Dahl,male,,0,0,PC 44082,0.573228488968747,,S
690,1,1,Mr. William Sloper,male,40.299125456269934,1,2,PC 70482,102.56353534439948,,C
691,1,2,Mr. Henry Reg,male,31.21106294994982,0,1,PC 89098,12.412387625400934,,S
692,0,2,Mr. George Harris,male,18.836696588534004,4,0,PC 21304,2.1982853313410198,A3,S
693,0,3,Mr. Olaf Dahl,male,49.70243590545479,1,1,PC 66625,16.8423502166642,,C
694,1,2,Mrs. Ethel Beane,female,36.499601319181025,0,0,PC 82551,0.6555935945762502,,S
695,0,1,Col. John Weir,male,17.685858219800295,4,0,PC 54885,171.50573815696322,,S
696,1,3,Miss. Dagmar Bryhl,female,23.424701840957503,0,0,PC 81246,2.044824863606041,,C
697,0,2,Mr. George Harris,male,26.03165223463043,0,0,PC 22588,2.818864653372843,,S
698,0,3,Mr. Patrick Murphy,male,47.04453655763831,0,0,PC 30967,2.6466637014533614,,Q
699,1,1,Miss. Bishop,female,15.3660105759182,0,0,PC 97440,270.9467927860617,,S
700,1,3,Miss. Dagmar Bryhl,female,15.334763078387393,2,0,PC 34256,16.185993035830897,,S
701,1,3,Mrs. Leah Rosen,female,30.922064171032638,0,0,PC 68348,22.143573199984324,,C
702,0,1,Col. John Weir,male,17.13280364509595,0,0,PC 35052,42.57890124000305,,S
703,0,2,Mr. Henry Reg,male,,0,0,PC 90972,8.485845263073271,,C
704,0,1,Miss. Bishop,female,22.06877992926738,0,1,PC 97351,22.44523441373546,,C
705,0,1,Capt. Edward Smith,male,8.857422417355671,0,0,PC 68479,55.034570040496334,,C
706,1,3,Mr. Patrick Murphy,male,20.016427005589122,0,0,PC 90732,10.995343649127232,D33,Q
707,0,2,Mr. Henry Reg,male,25.324950273087993,1,0,PC 70200,20.68055628319834,,S
708,0,3,Mr. Johan Larsson,male,42.3764937083379,0,0,PC 93625,4.071896750694482,,S
709,1,2,Miss. Kate Buss,female,62.58696201358824,1,1,PC 93140,61.46181523411464,,S
710,0,3,Mr. Ali Hassan,male,,0,0,PC 12506,2.5487295666280274,,S
711,0,3,Mr. Olaf Dahl,male,30.296261936188444,1,0,PC 30709,46.18606593441908,C145,C
712,0,3,Mr. Mustafa Ozkan,male,35.15721816819621,1,0,PC 68535,0.20505584540699595,,S
713,0,3,Mr. Johan Larsson,male,73.14017364026577,0,0,PC 54840,8.988482400985912,F27,S
714,0,2,Mr. Thomas Byles,male,21.542953430277354,0,4,PC 70587,8.394199139084867,,S
715,0,2,Rev. Robert Bateman,male,18.527727863519004,1,1,PC 69321,12.342260666478394,,S
716,1,3,Mr. Mustafa Ozkan,male,,0,0,PC 53202,11.583580137742768,,Q
717,1,3,Mrs. Anna Sage,female,18.45874049930714,3,0,PC 66588,7.836028037193784,,S
718,0,3,Mr. Ali Hassan,male,37.714675257073225,0,0,PC 13090,7.341578901689878,E21,S
719,1,1,Dr. Arthur Jackson,male,42.99309830277808,0,0,PC 69231,110.8355857916864,,C
720,1,3,Miss. Dagmar Bryhl,female,31.436887968428938,0,1,PC 31552,15.864166289450093,,S
721,1,3,Miss. Dagmar Bryhl,female,30.465163839260764,3,1,PC 90227,24.542005061035088,,S
722,1,1,Mr. William Sloper,male,50.17093062474943,0,0,PC 43741,24.16070011039808,D36,S
723,0,1,Col. John Weir,male,25.43462588352056,1,2,PC 31661,78.99362693885912,,S
724,0,3,Mr. Ali Hassan,male,39.766004808635074,1,0,PC 51025,12.055263369205443,,S
725,1,3,Miss. Mary Kelly,female,25.223758483748878,0,0,PC 16092,6.32418540947882,,C
726,0,3,Mrs. Anna Sage,female,15.588357040741979,0,0,PC 45674,9.119322375584412,A37,S
727,1,1,Lady Duff-Gordon,female,46.656659253060106,1,0,PC 10570,31.63105061059028,,Q
728,1,3,Mr. Johan Larsson,male,32.31514061269068,0,0,PC 22084,2.095686824141375,,C
729,1,1,Miss. Charlotte Cardeza,female,44.728773232384015,1,0,PC 75843,20.205830894517067,,S
730,1,1,Col. John Weir,male,34.00310797136738,0,0,PC 70752,9.366473092051118,,S
731,0,1,Dr. Arthur Jackson,male,35.897225172443854,0,0,PC 79278,96.52213278028995,,S
732,0,3,Mr. Mustafa Ozkan,male,18.723718084501563,1,1,PC 10765,14.809033421522322,,S
733,1,3,Miss. Dagmar Bryhl,female,,0,0,PC 34198,41.208693641653554,,C
734,1,3,Mr. Olaf Dahl,male,,0,0,PC 71201,17.921558663900292,,S
735,1,2,Mrs. Ethel Beane,female,26.933114674979425,0,1,PC 83271,1.1063970119990543,G149,S
736,0,3,Mr. Olaf Dahl,male,21.028770199782315,0,2,PC 91738,29.541048233642947,,S
737,0,2,Mr. Henry Reg,male,40.43069795081927,0,2,PC 57199,41.09790598691013,,S
738,0,3,Mr. Mustafa Ozkan,male,14.598572764923766,1,0,PC 21377,8.024984427176644,,S
739,0,2,Mr. Thomas Byles,male,52.86736961058719,0,0,PC 89833,18.248262275450447,,S
740,1,2,Miss. Kate Buss,female,,0,0,PC 18036,77.2724922405932,A77,S
741,0,3,Mr. Olaf Dahl,male,39.82376663277322,0,0,PC 50364,10.41114436289378,,S
742,1,2,Mrs. Ada Clarke,female,32.439283441632895,0,2,PC 99905,48.79552637664192,,S
743,1,3,Miss. Mary Kelly,female,46.7636796976349,0,0,PC 47443,1.1876540069084274,,S
744,0,3,Miss. Mary Kelly,female,47.882259602297154,2,0,PC 11663,2.9046805564872997,,S
745,0,1,Capt. Edward Smith,male,30.851835888100812,1,0,PC 49244,48.81807151731269,D57,S
746,1,3,Mr. Patrick Murphy,male,12.545969154712797,0,0,PC 68391,12.040805691381932,,S
747,0,2,Rev. Robert Bateman,male,57.290754769450345,0,1,PC 87564,35.067013311307804,,S
748,1,3,Mrs. Bridget OBrien,female,13.942341167791213,0,0,PC 95359,60.89559095475407,B140,Q
749,1,3,Mrs. Anna Sage,female,35.07376372772087,0,0,PC 25077,6.746089601531602,,S
750,0,3,Mr. Ali Hassan,male,50.356009212993925,0,0,PC 67849,0.6654994874303133,,S
751,1,1,Mrs. Margaret Brown,female,,0,0,PC 29631,135.686262721589,,C
752,0,3,Mr. Patrick Murphy,male,21.000935610116073,0,0,PC 62652,12.704050305478187,C136,C
753,0,3,Mr. Olaf Dahl,male,,0,0,PC 77446,3.0321358090851898,,S
754,0,2,Mr. Henry Reg,male,21.81726736740075,0,0,PC 43500,14.135144402865642,,S
755,1,1,Miss. Charlotte Cardeza,female,21.47898047622834,3,0,PC 29897,113.90390925605706,F43,S
756,0,3,Mr. Mustafa Ozkan,male,31.875734324750393,0,2,PC 68915,20.15911095968283,,S
757,1,3,Mrs. Bridget OBrien,female,6.496339500944497,0,2,PC 47377,9.485664850106229,,C
758,1,3,Miss. Mary Kelly,female,,0,2,PC 86670,4.988884557916128,,S
759,1,3,Miss. Dagmar Bryhl,female,30.52338334279198,0,0,PC 36897,49.86535234972017,,C
760,0,3,Mr. Olaf Dahl,male,29.672152761472432,1,0,PC 57280,14.915860270219918,,S
761,1,1,Col. John Weir,male,19.517418038098405,0,0,PC 67320,44.07059493634899,,S
762,0,2,Mr. Charles Aldworth,male,,0,2,PC 82592,6.813356168125979,,S
763,0,2,Rev. Robert Bateman,male,28.901855701920297,0,2,PC 78289,27.187934948894686,,C
764,0,3,Mr. Ali Hassan,male,,1,1,PC 41941,3.7992009134214846,,S
765,1,1,Mrs. Margaret Brown,female,,0,0,PC 24234,15.824922208964164,,S
766,0,3,Mr. Patrick Murphy,male,22.139204320417633,0,2,PC 85172,10.338968300007215,,S
767,0,3,Mr. Patrick Murphy,male,40.0458397413257,0,0,PC 13376,4.691873966033102,,S
768,0,3,Mr. Olaf Dahl,male,11.685950186365526,0,0,PC 40783,13.580776777409683,,S
769,0,2,Mr. Thomas Byles,male,,0,0,PC 51249,2.597719502467304,,Q
770,0,3,Mr. Olaf Dahl,male,32.34386108591251,0,0,PC 53025,14.577350262161016,,S
771,1,1,Col. John Weir,male,29.732787419092638,0,0,PC 26447,27.979819691455884,,C
772,1,3,Mrs. Anna Sage,female,18.964438081456784,1,0,PC 95865,0.003328606085715386,,S
773,0,1,Major Fortescue,male,29.343990111089028,0,0,PC 26713,11.402704443084758,,S
774,0,2,Mrs. Ethel Beane,female,15.904962269382407,0,0,PC 14858,56.144399754732184,C22,S
775,1,3,Miss. Dagmar Bryhl,female,57.78157548508596,0,1,PC 61115,27.67504355105291,,S
776,0,1,Col. John Weir,male,29.455323377173357,4,0,PC 95008,22.349278342515326,,C
777,1,1,Mrs. Eleanor Fortune,female,35.10531860153294,0,0,PC 69834,126.56738199869247,,S
778,0,3,Mr. Ali Hassan,male,13.54085754442054,1,1,PC 92060,12.849951293668392,,S
779,1,3,Mrs. Leah Rosen,female,21.284472929726228,0,2,PC 14539,48.45935262067035,D9,S
780,0,3,Mr. Olaf Dahl,male,36.84106827210435,0,0,PC 73983,6.408519820265131,,Q
781,0,3,Mrs. Anna Sage,female,43.7621457069616,0,0,PC 28857,15.6729253008808,,S
782,0,3,Mrs. Leah Rosen,female,,0,0,PC 15364,0.89932146331764,,S
783,1,2,Miss. Kate Buss,female,14.203400522024118,2,0,PC 75985,10.445027066023064,B115,S
784,1,2,Mrs. Ada Clarke,female,35.034443452759525,3,0,PC 69169,68.70711205669375,,S
785,0,1,Mr. William Sloper,male,23.723871237075222,0,1,PC 96366,65.04252297925538,,S
786,0,3,Mr. Mustafa Ozkan,male,12.50276687620251,0,0,PC 31078,4.651261586497875,,C
787,0,3,Mr. Ali Hassan,male,11.225038759899288,2,1,PC 47574,1.7555362425207985,,S
788,1,2,Mr. Thomas Byles,male,20.948402871204454,0,1,PC 10869,25.167135503506906,,S
789,0,3,Mrs. Bridget OBrien,female,44.42377903006185,0,2,PC 72624,14.182679225270418,C50,S
790,1,3,Mr. Mustafa Ozkan,male,46.63001219136049,0,0,PC 50075,6.415806051832609,,S
791,1,1,Miss. Charlotte Cardeza,female,31.829849006451955,0,2,PC 13659,253.2380588546638,,S
792,0,3,Mr. Olaf Dahl,male,,0,0,PC 46370,0.3076061780316291,,Q
793,0,3,Mrs. Bridget OBrien,female,23.516177569306585,0,0,PC 68185,4.959522374445719,,C
794,0,3,Mr. Mustafa Ozkan,male,,0,0,PC 89921,34.786867201615166,,C
795,0,1,Miss. Charlotte Cardeza,female,44.886778644202366,0,0,PC 53751,32.51128208723341,,C
796,1,3,Mrs. Bridget OBrien,female,33.48852162886154,0,0,PC 72758,3.9824580871162074,,S
797,0,3,Mr. Ali Hassan,male,18.576747429395603,0,0,PC 94873,10.467385530234356,,S
798,0,3,Mr. Olaf Dahl,male,49.7393823097308,1,0,PC 15131,23.78519330854341,C51,S
799,0,3,Mrs. Leah Rosen,female,15.419071199936269,0,0,PC 11358,1.4914236936040897,,S
800,1,3,Mr. Patrick Murphy,male,45.576100114295784,0,0,PC 67371,39.25142343870523,,S
801,0,3,Mr. Ali Hassan,male,11.012101207938596,2,0,PC 92307,21.715882069866012,,S
802,0,1,Dr. Arthur Jackson,male,76.2646147989992,1,1,PC 89139,16.79805154916759,E41,S
803,0,3,Mr. Olaf Dahl,male,13.827299842894725,0,0,PC 26246,17.054067459200972,,C
804,0,3,Mr. Johan Larsson,male,46.696689208861756,0,0,PC 27216,6.65910277198598,,C
805,0,2,Mr. George Harris,male,20.66474857150121,1,0,PC 51209,10.65340857716569,,Q
806,0,3,Mr. Patrick Murphy,male,36.749224880698605,1,0,PC 52987,20.949980422996312,,S
807,0,3,Mr. Ali Hassan,male,57.96007452685781,3,0,PC 30577,45.08722352434494,,S
808,1,3,Mrs. Leah Rosen,female,24.73779760178079,1,0,PC 52320,1.8553308794160226,,S
809,0,3,Mr. Patrick Murphy,male,73.06451997084524,0,2,PC 21301,7.477657027158441,,S
810,1,1,Mrs. Margaret Brown,female,,0,0,PC 85051,55.0820670654887,,S
811,0,3,Mr. Johan Larsson,male,12.908852757761862,0,0,PC 10891,6.467834967678867,,S
812,0,3,Mr. Olaf Dahl,male,27.977498116354436,0,0,PC 31972,6.1825711405885455,,S
813,0,1,Col. John Weir,male,25.148882588616928,0,1,PC 60457,4.509474605548793,,S
814,0,3,Mr. Patrick Murphy,male,28.839963023365932,0,0,PC 64435,15.849447940607478,,S
815,0,3,Mr. Mustafa Ozkan,male,23.587042297982773,0,0,PC 30932,7.851213425941204,B60,S
816,0,3,Mr. Johan Larsson,male,17.964211167558886,1,0,PC 14192,2.968199373537262,,S
817,0,3,Mr. Patrick Murphy,male,27.206084966812398,0,0,PC 26128,23.194122134815256,,S
818,0,2,Mr. Charles Aldworth,male,36.20159178204907,0,0,PC 32836,33.58211357993247,E88,S
819,1,1,Miss. Bishop,female,6.436127917819763,0,0,PC 34837,55.968715008298126,,S
820,0,2,Mr. Charles Aldworth,male,41.97204196054736,0,0,PC 32778,7.337405805039066,,S
821,0,3,Mr. Johan Larsson,male,,1,0,PC 53130,13.924231305505016,,C
822,1,1,Miss. Bishop,female,53.45366617503032,1,0,PC 26708,28.550849396692296,,C
823,0,2,Mr. Henry Reg,male,22.689510812939588,5,0,PC 34232,5.5723959063990005,,S
824,0,2,Mr. Henry Reg,male,21.21905787125371,0,0,PC 67266,27.142694185028613,,S
825,0,3,Mrs. Anna Sage,female,,0,0,PC 49412,0.5639035531964243,,S
826,0,3,Mr. Mustafa Ozkan,male,35.33399756895205,0,2,PC 14782,1.3640341280063568,,S
827,1,2,Miss. Nora Keane,female,10.315798020475157,0,1,PC 71196,0.14099429244048425,,S
828,1,2,Miss. Nora Keane,female,19.613986070875477,1,0,PC 36315,3.4359414652687104,,S
829,0,3,Mr. Johan Larsson,male,30.67332378846826,1,0,PC 20052,0.9793481987276392,A119,S
830,0,3,Mr. Patrick Murphy,male,,1,0,PC 29521,74.98331497608308,,S
831,0,1,Col. John Weir,male,29.2377944820834,0,0,PC 79434,28.628511523611618,E52,S
832,0,3,Mr. Ali Hassan,male,49.14899259296251,1,0,PC 92755,2.2147164977111626,,S
833,0,1,Major Fortescue,male,46.29484886597354,0,2,PC 79690,23.162879999448354,,C
834,1,1,Mrs. Eleanor Fortune,female,,1,0,PC 45546,231.07023897628085,,S
835,0,3,Mr. Johan Larsson,male,43.054317719144414,0,0,PC 89345,10.059951494157678,,S
836,0,2,Mr. George Harris,male,34.688899046180076,0,0,PC 35972,9.394567873116944,,Q
837,1,3,Miss. Mary Kelly,female,30.658654807271795,0,0,PC 88059,28.31317758913941,,Q
838,1,2,Mrs. Ethel Beane,female,,2,0,PC 74385,10.401972304409806,,S
839,0,3,Mr. Mustafa Ozkan,male,23.542982279192824,0,0,PC 32030,5.589341420223413,,S
840,1,3,Mr. Olaf Dahl,male,24.565266378632586,0,0,PC 50376,3.182350961923019,,S
841,0,1,Dr. Arthur Jackson,male,34.260255979791765,1,1,PC 95641,39.85704155311354,D129,S
842,1,3,Mr. Ali Hassan,male,28.00241951988169,0,0,PC 99831,5.2169378430845486,,C
843,0,1,Major Fortescue,male,45.71807266334025,0,2,PC 87400,95.00773373986364,,Q
844,1,3,Mr. Johan Larsson,male,39.56780275190527,0,1,PC 88412,4.6840675612604175,A3,S
845,1,1,Lady Duff-Gordon,female,,0,0,PC 28055,72.31185571922013,,S
846,0,2,Mr. Henry Reg,male,35.899112950825995,1,1,PC 97508,1.4109822230903122,,S
847,0,1,Dr. Arthur Jackson,male,,1,0,PC 35493,17.8343634551299,,S
848,0,3,Mr. Olaf Dahl,male,39.05299816730519,0,2,PC 84861,7.168450192728154,,C
849,0,3,Mr. Patrick Murphy,male,44.01090388115989,4,0,PC 46775,37.86427075139675,,C
850,1,3,Mrs. Leah Rosen,female,33.24838059016281,0,0,PC 61057,6.48850239452654,G120,S
851,1,1,Mrs. Eleanor Fortune,female,,0,0,PC 95909,91.63263834173057,,S
852,0,3,Mrs. Bridget OBrien,female,28.288783040020945,0,0,PC 46253,4.034487580092996,D149,S
853,1,1,Col. John Weir,male,13.01210109710183,0,4,PC 96717,11.412087483937912,,S
854,0,3,Mr. Ali Hassan,male,,0,0,PC 61884,0.826381340317504,C14,C
855,1,1,Capt. Edward Smith,male,,2,0,PC 86497,30.612840082393323,,S
856,1,1,Mr. William Sloper,male,,1,0,PC 27705,14.412112239210192,,S
857,1,1,Col. John Weir,male,20.515030702894226,0,2,PC 54676,16.058544975571543,,S
858,1,3,Mrs. Leah Rosen,female,49.234132709502674,0,0,PC 89045,19.594906636302362,F117,C
859,0,3,Mr. Patrick Murphy,male,19.946489642699348,1,0,PC 17101,0.21871821786550902,,S
860,0,1,Col. John Weir,male,,2,0,PC 72495,68.54533638651998,,C
861,0,3,Mr. Ali Hassan,male,15.521727203865712,1,0,PC 14743,6.537193888294026,,C
862,0,3,Mr. Olaf Dahl,male,24.38311329000681,0,0,PC 18951,9.676772267849387,,Q
863,0,3,Mr. Olaf Dahl,male,22.517716914625197,1,0,PC 17014,11.33584149997543,,S
864,1,2,Miss. Kate Buss,female,23.388334771176915,0,0,PC 46180,7.782296395122325,,S
865,0,2,Miss. Kate Buss,female,,0,0,PC 66977,7.2390363238207085,,S
866,1,3,Mrs. Bridget OBrien,female,,0,0,PC 69534,18.11157546962287,,S
867,0,1,Capt. Edward Smith,male,,0,0,PC 73209,172.2077597424158,,S
868,0,1,Major Fortescue,male,15.720084280882695,0,0,PC 51908,17.968719033169638,,S
869,0,3,Mr. Mustafa Ozkan,male,,0,1,PC 60918,1.40723917634761,,S
870,0,3,Mr. Olaf Dahl,male,16.50956011940619,0,2,PC 18219,31.24672119130305,,C
871,1,2,Mrs. Esther Hart,female,28.378910683436295,1,0,PC 17163,8.913877550017615,,S
872,0,2,Mr. Charles Aldworth,male,26.362285312121884,0,0,PC 12470,16.589798159962974,,S
873,0,3,Mr. Mustafa Ozkan,male,32.65153927360812,0,0,PC 26543,6.104357232235752,C54,C
874,0,2,Rev. Robert Bateman,male,39.97843673021934,0,0,PC 29276,2.7830895205717083,,C
875,1,1,Capt. Edward Smith,male,22.830370078745176,3,0,PC 46881,74.75742222787851,,C
876,1,1,Mrs. Eleanor Fortune,female,,0,0,PC 88950,62.55791211285398,,C
877,0,3,Mr. Johan Larsson,male,45.72907432158013,0,0,PC 17749,3.1084275090483326,,Q
878,0,3,Mr. Patrick Murphy,male,25.44153428266804,0,2,PC 34182,8.23700239829146,,S
879,0,1,Col. John Weir,male,58.54859840208458,1,0,PC 87450,133.92042152694682,,S
880,1,1,Mr. William Sloper,male,32.62623592238395,8,0,PC 90543,74.98158658857915,G5,S
881,1,1,Mrs. Eleanor Fortune,female,23.888553407483762,0,0,PC 31383,8.563058794102288,D49,S
882,1,3,Miss. Dagmar Bryhl,female,29.197478700619357,0,0,PC 88578,10.879453049156595,,S
883,1,1,Miss. Charlotte Cardeza,female,58.54898967373029,1,0,PC 35412,101.90396000304267,,S
884,1,1,Lady Duff-Gordon,female,33.20253224738331,0,0,PC 23181,132.18279386860672,,S
885,0,3,Mr. Ali Hassan,male,,0,0,PC 54898,13.588621605028681,,S
886,1,1,Miss. Charlotte Cardeza,female,34.58988466377294,0,0,PC 69630,13.914690885563592,,S
887,0,3,Mr. Johan Larsson,male,41.9910296852139,0,2,PC 13405,16.9670664761596,G50,C
888,0,1,Major Fortescue,male,32.95057923831493,0,0,PC 20862,95.01759650928147,D109,S
889,1,1,Miss. Charlotte Cardeza,female,36.646578784950215,0,0,PC 64679,2.0773341380171315,,C
890,0,2,Mr. Henry Reg,male,28.953236214628838,1,0,PC 38688,10.983405228170827,,S
891,1,3,Miss. Dagmar Bryhl,female,,2,0,PC 58017,5.547001817156528,,Q
